schicht 0 entity_cutout_cull alpha=0.1
schicht 1 entity_solid
schicht 2 entity_cutout_z_offset alpha=0.1 beidseitig je_seite
schicht 3 banner_pattern gemischt
schicht 4 entity_cutout alpha=0.1 beidseitig je_seite
textur 0 minecraft:entity/chest/normal
textur 1 minecraft:entity/chest/normal_left
textur 2 minecraft:entity/chest/normal_right
textur 3 minecraft:entity/enchantment/enchanting_table_book
textur 4 minecraft:entity/chest/ender
textur 5 minecraft:entity/skeleton/skeleton
textur 6 minecraft:entity/skeleton/wither_skeleton
textur 7 minecraft:entity/zombie/zombie
textur 8 minecraft:entity/player/slim/steve
textur 9 minecraft:entity/creeper/creeper
textur 10 minecraft:entity/enderdragon/dragon
textur 11 minecraft:entity/piglin/piglin
textur 12 minecraft:entity/chest/trapped
textur 13 minecraft:entity/chest/trapped_left
textur 14 minecraft:entity/chest/trapped_right
textur 15 minecraft:entity/banner/banner_base
textur 16 minecraft:entity/banner/base
textur 17 minecraft:entity/shulker/shulker
textur 18 minecraft:entity/shulker/shulker_white
textur 19 minecraft:entity/shulker/shulker_orange
textur 20 minecraft:entity/shulker/shulker_magenta
textur 21 minecraft:entity/shulker/shulker_light_blue
textur 22 minecraft:entity/shulker/shulker_yellow
textur 23 minecraft:entity/shulker/shulker_lime
textur 24 minecraft:entity/shulker/shulker_pink
textur 25 minecraft:entity/shulker/shulker_gray
textur 26 minecraft:entity/shulker/shulker_light_gray
textur 27 minecraft:entity/shulker/shulker_cyan
textur 28 minecraft:entity/shulker/shulker_purple
textur 29 minecraft:entity/shulker/shulker_blue
textur 30 minecraft:entity/shulker/shulker_brown
textur 31 minecraft:entity/shulker/shulker_green
textur 32 minecraft:entity/shulker/shulker_red
textur 33 minecraft:entity/shulker/shulker_black
textur 34 minecraft:entity/conduit/base
textur 35 minecraft:entity/bell/bell_body
textur 36 minecraft:entity/chest/copper
textur 37 minecraft:entity/chest/copper_left
textur 38 minecraft:entity/chest/copper_right
textur 39 minecraft:entity/chest/copper_exposed
textur 40 minecraft:entity/chest/copper_exposed_left
textur 41 minecraft:entity/chest/copper_exposed_right
textur 42 minecraft:entity/chest/copper_weathered
textur 43 minecraft:entity/chest/copper_weathered_left
textur 44 minecraft:entity/chest/copper_weathered_right
textur 45 minecraft:entity/chest/copper_oxidized
textur 46 minecraft:entity/chest/copper_oxidized_left
textur 47 minecraft:entity/chest/copper_oxidized_right
textur 48 minecraft:entity/copper_golem/copper_golem
textur 49 minecraft:entity/copper_golem/copper_golem_exposed
textur 50 minecraft:entity/copper_golem/copper_golem_weathered
textur 51 minecraft:entity/copper_golem/copper_golem_oxidized
textur 52 minecraft:entity/decorated_pot/decorated_pot_base
textur 53 minecraft:entity/decorated_pot/decorated_pot_side
form 0 18
0.9375 0 0.9375 0.4375 0.296875 0.0625 0 0.9375 0.21875 0.296875 0.0625 0 0.0625 0.21875 0.515625 0.9375 0 0.0625 0.4375 0.515625
0.9375 0.625 0.0625 0.65625 0.515625 0.0625 0.625 0.0625 0.4375 0.515625 0.0625 0.625 0.9375 0.4375 0.296875 0.9375 0.625 0.9375 0.65625 0.296875
0.0625 0 0.0625 0.21875 0.515625 0.0625 0 0.9375 0 0.515625 0.0625 0.625 0.9375 0 0.671875 0.0625 0.625 0.0625 0.21875 0.671875
0.9375 0 0.0625 0.4375 0.515625 0.0625 0 0.0625 0.21875 0.515625 0.0625 0.625 0.0625 0.21875 0.671875 0.9375 0.625 0.0625 0.4375 0.671875
0.9375 0 0.9375 0.65625 0.515625 0.9375 0 0.0625 0.4375 0.515625 0.9375 0.625 0.0625 0.4375 0.671875 0.9375 0.625 0.9375 0.65625 0.671875
0.0625 0 0.9375 0.875 0.515625 0.9375 0 0.9375 0.65625 0.515625 0.9375 0.625 0.9375 0.65625 0.671875 0.0625 0.625 0.9375 0.875 0.671875
0.9375 0.5625 0.9375 0.4375 0 0.0625 0.5625 0.9375 0.21875 0 0.0625 0.5625 0.0625 0.21875 0.21875 0.9375 0.5625 0.0625 0.4375 0.21875
0.9375 0.875 0.0625 0.65625 0.21875 0.0625 0.875 0.0625 0.4375 0.21875 0.0625 0.875 0.9375 0.4375 0 0.9375 0.875 0.9375 0.65625 0
0.0625 0.5625 0.0625 0.21875 0.21875 0.0625 0.5625 0.9375 0 0.21875 0.0625 0.875 0.9375 0 0.296875 0.0625 0.875 0.0625 0.21875 0.296875
0.9375 0.5625 0.0625 0.4375 0.21875 0.0625 0.5625 0.0625 0.21875 0.21875 0.0625 0.875 0.0625 0.21875 0.296875 0.9375 0.875 0.0625 0.4375 0.296875
0.9375 0.5625 0.9375 0.65625 0.21875 0.9375 0.5625 0.0625 0.4375 0.21875 0.9375 0.875 0.0625 0.4375 0.296875 0.9375 0.875 0.9375 0.65625 0.296875
0.0625 0.5625 0.9375 0.875 0.21875 0.9375 0.5625 0.9375 0.65625 0.21875 0.9375 0.875 0.9375 0.65625 0.296875 0.0625 0.875 0.9375 0.875 0.296875
0.5625 0.4375 1 0.046875 0 0.4375 0.4375 1 0.015625 0 0.4375 0.4375 0.9375 0.015625 0.015625 0.5625 0.4375 0.9375 0.046875 0.015625
0.5625 0.6875 0.9375 0.078125 0.015625 0.4375 0.6875 0.9375 0.046875 0.015625 0.4375 0.6875 1 0.046875 0 0.5625 0.6875 1 0.078125 0
0.4375 0.4375 0.9375 0.015625 0.015625 0.4375 0.4375 1 0 0.015625 0.4375 0.6875 1 0 0.078125 0.4375 0.6875 0.9375 0.015625 0.078125
0.5625 0.4375 0.9375 0.046875 0.015625 0.4375 0.4375 0.9375 0.015625 0.015625 0.4375 0.6875 0.9375 0.015625 0.078125 0.5625 0.6875 0.9375 0.046875 0.078125
0.5625 0.4375 1 0.0625 0.015625 0.5625 0.4375 0.9375 0.046875 0.015625 0.5625 0.6875 0.9375 0.046875 0.078125 0.5625 0.6875 1 0.0625 0.078125
0.4375 0.4375 1 0.09375 0.015625 0.5625 0.4375 1 0.0625 0.015625 0.5625 0.6875 1 0.0625 0.078125 0.4375 0.6875 1 0.09375 0.078125
form 1 15
0.9375 0 0.9375 0.453125 0.296875 0 0 0.9375 0.21875 0.296875 0 0 0.0625 0.21875 0.515625 0.9375 0 0.0625 0.453125 0.515625
0.9375 0.625 0.0625 0.6875 0.515625 0 0.625 0.0625 0.453125 0.515625 0 0.625 0.9375 0.453125 0.296875 0.9375 0.625 0.9375 0.6875 0.296875
0.9375 0 0.0625 0.453125 0.515625 0 0 0.0625 0.21875 0.515625 0 0.625 0.0625 0.21875 0.671875 0.9375 0.625 0.0625 0.453125 0.671875
0.9375 0 0.9375 0.671875 0.515625 0.9375 0 0.0625 0.453125 0.515625 0.9375 0.625 0.0625 0.453125 0.671875 0.9375 0.625 0.9375 0.671875 0.671875
0 0 0.9375 0.90625 0.515625 0.9375 0 0.9375 0.671875 0.515625 0.9375 0.625 0.9375 0.671875 0.671875 0 0.625 0.9375 0.90625 0.671875
0.9375 0.5625 0.9375 0.453125 0 0 0.5625 0.9375 0.21875 0 0 0.5625 0.0625 0.21875 0.21875 0.9375 0.5625 0.0625 0.453125 0.21875
0.9375 0.875 0.0625 0.6875 0.21875 0 0.875 0.0625 0.453125 0.21875 0 0.875 0.9375 0.453125 0 0.9375 0.875 0.9375 0.6875 0
0.9375 0.5625 0.0625 0.453125 0.21875 0 0.5625 0.0625 0.21875 0.21875 0 0.875 0.0625 0.21875 0.296875 0.9375 0.875 0.0625 0.453125 0.296875
0.9375 0.5625 0.9375 0.671875 0.21875 0.9375 0.5625 0.0625 0.453125 0.21875 0.9375 0.875 0.0625 0.453125 0.296875 0.9375 0.875 0.9375 0.671875 0.296875
0 0.5625 0.9375 0.90625 0.21875 0.9375 0.5625 0.9375 0.671875 0.21875 0.9375 0.875 0.9375 0.671875 0.296875 0 0.875 0.9375 0.90625 0.296875
0.0625 0.4375 1 0.03125 0 0 0.4375 1 0.015625 0 0 0.4375 0.9375 0.015625 0.015625 0.0625 0.4375 0.9375 0.03125 0.015625
0.0625 0.6875 0.9375 0.046875 0.015625 0 0.6875 0.9375 0.03125 0.015625 0 0.6875 1 0.03125 0 0.0625 0.6875 1 0.046875 0
0.0625 0.4375 0.9375 0.03125 0.015625 0 0.4375 0.9375 0.015625 0.015625 0 0.6875 0.9375 0.015625 0.078125 0.0625 0.6875 0.9375 0.03125 0.078125
0.0625 0.4375 1 0.046875 0.015625 0.0625 0.4375 0.9375 0.03125 0.015625 0.0625 0.6875 0.9375 0.03125 0.078125 0.0625 0.6875 1 0.046875 0.078125
0 0.4375 1 0.0625 0.015625 0.0625 0.4375 1 0.046875 0.015625 0.0625 0.6875 1 0.046875 0.078125 0 0.6875 1 0.0625 0.078125
form 2 15
1 0 0.9375 0.453125 0.296875 0.0625 0 0.9375 0.21875 0.296875 0.0625 0 0.0625 0.21875 0.515625 1 0 0.0625 0.453125 0.515625
1 0.625 0.0625 0.6875 0.515625 0.0625 0.625 0.0625 0.453125 0.515625 0.0625 0.625 0.9375 0.453125 0.296875 1 0.625 0.9375 0.6875 0.296875
0.0625 0 0.0625 0.21875 0.515625 0.0625 0 0.9375 0 0.515625 0.0625 0.625 0.9375 0 0.671875 0.0625 0.625 0.0625 0.21875 0.671875
1 0 0.0625 0.453125 0.515625 0.0625 0 0.0625 0.21875 0.515625 0.0625 0.625 0.0625 0.21875 0.671875 1 0.625 0.0625 0.453125 0.671875
0.0625 0 0.9375 0.90625 0.515625 1 0 0.9375 0.671875 0.515625 1 0.625 0.9375 0.671875 0.671875 0.0625 0.625 0.9375 0.90625 0.671875
1 0.5625 0.9375 0.453125 0 0.0625 0.5625 0.9375 0.21875 0 0.0625 0.5625 0.0625 0.21875 0.21875 1 0.5625 0.0625 0.453125 0.21875
1 0.875 0.0625 0.6875 0.21875 0.0625 0.875 0.0625 0.453125 0.21875 0.0625 0.875 0.9375 0.453125 0 1 0.875 0.9375 0.6875 0
0.0625 0.5625 0.0625 0.21875 0.21875 0.0625 0.5625 0.9375 0 0.21875 0.0625 0.875 0.9375 0 0.296875 0.0625 0.875 0.0625 0.21875 0.296875
1 0.5625 0.0625 0.453125 0.21875 0.0625 0.5625 0.0625 0.21875 0.21875 0.0625 0.875 0.0625 0.21875 0.296875 1 0.875 0.0625 0.453125 0.296875
0.0625 0.5625 0.9375 0.90625 0.21875 1 0.5625 0.9375 0.671875 0.21875 1 0.875 0.9375 0.671875 0.296875 0.0625 0.875 0.9375 0.90625 0.296875
1 0.4375 1 0.03125 0 0.9375 0.4375 1 0.015625 0 0.9375 0.4375 0.9375 0.015625 0.015625 1 0.4375 0.9375 0.03125 0.015625
1 0.6875 0.9375 0.046875 0.015625 0.9375 0.6875 0.9375 0.03125 0.015625 0.9375 0.6875 1 0.03125 0 1 0.6875 1 0.046875 0
0.9375 0.4375 0.9375 0.015625 0.015625 0.9375 0.4375 1 0 0.015625 0.9375 0.6875 1 0 0.078125 0.9375 0.6875 0.9375 0.015625 0.078125
1 0.4375 0.9375 0.03125 0.015625 0.9375 0.4375 0.9375 0.015625 0.015625 0.9375 0.6875 0.9375 0.015625 0.078125 1 0.6875 0.9375 0.03125 0.078125
0.9375 0.4375 1 0.0625 0.015625 1 0.4375 1 0.046875 0.015625 1 0.6875 1 0.046875 0.078125 0.9375 0.6875 1 0.0625 0.078125
form 3 42
0.3125 -0.25 0.061875 0.28125 0.3125 0 -0.25 0.061875 0.203125 0.3125 0 -0.25 -6.25E-4 0.203125 0.34375 0.3125 -0.25 -6.25E-4 0.28125 0.34375
0.3125 0.25 -6.25E-4 0.359375 0.34375 0 0.25 -6.25E-4 0.28125 0.34375 0 0.25 0.061875 0.28125 0.3125 0.3125 0.25 0.061875 0.359375 0.3125
0 -0.25 -6.25E-4 0.203125 0.34375 0 -0.25 0.061875 0.1875 0.34375 0 0.25 0.061875 0.1875 0.59375 0 0.25 -6.25E-4 0.203125 0.59375
0.3125 -0.25 -6.25E-4 0.28125 0.34375 0 -0.25 -6.25E-4 0.203125 0.34375 0 0.25 -6.25E-4 0.203125 0.59375 0.3125 0.25 -6.25E-4 0.28125 0.59375
0.3125 -0.25 0.061875 0.296875 0.34375 0.3125 -0.25 -6.25E-4 0.28125 0.34375 0.3125 0.25 -6.25E-4 0.28125 0.59375 0.3125 0.25 0.061875 0.296875 0.59375
0 -0.25 0.061875 0.375 0.34375 0.3125 -0.25 0.061875 0.296875 0.34375 0.3125 0.25 0.061875 0.296875 0.59375 0 0.25 0.061875 0.375 0.59375
0.3125 -0.25 6.249994E-4 0.09375 0.3125 0 -0.25 6.249994E-4 0.015625 0.3125 0 -0.25 -0.061875 0.015625 0.34375 0.3125 -0.25 -0.061875 0.09375 0.34375
0.3125 0.25 -0.061875 0.171875 0.34375 0 0.25 -0.061875 0.09375 0.34375 0 0.25 6.249994E-4 0.09375 0.3125 0.3125 0.25 6.249994E-4 0.171875 0.3125
0 -0.25 -0.061875 0.015625 0.34375 0 -0.25 6.249994E-4 0 0.34375 0 0.25 6.249994E-4 0 0.59375 0 0.25 -0.061875 0.015625 0.59375
0.3125 -0.25 -0.061875 0.09375 0.34375 0 -0.25 -0.061875 0.015625 0.34375 0 0.25 -0.061875 0.015625 0.59375 0.3125 0.25 -0.061875 0.09375 0.59375
0.3125 -0.25 6.249994E-4 0.109375 0.34375 0.3125 -0.25 -0.061875 0.09375 0.34375 0.3125 0.25 -0.061875 0.09375 0.59375 0.3125 0.25 6.249994E-4 0.109375 0.59375
0 -0.25 6.249994E-4 0.1875 0.34375 0.3125 -0.25 6.249994E-4 0.109375 0.34375 0.3125 0.25 6.249994E-4 0.109375 0.59375 0 0.25 6.249994E-4 0.1875 0.59375
0.375 -0.3125 0.0625 0.3438281 0 0 -0.3125 0.0625 0.2500781 0 0 -0.3125 0.0621875 0.2500781 1.5625E-4 0.375 -0.3125 0.0621875 0.3438281 1.5625E-4
0.375 0.3125 0.0621875 0.4375781 1.5625E-4 0 0.3125 0.0621875 0.3438281 1.5625E-4 0 0.3125 0.0625 0.3438281 0 0.375 0.3125 0.0625 0.4375781 0
0 -0.3125 0.0621875 0.2500781 1.5625E-4 0 -0.3125 0.0625 0.25 1.5625E-4 0 0.3125 0.0625 0.25 0.31265625 0 0.3125 0.0621875 0.2500781 0.31265625
0.375 -0.3125 0.0621875 0.3438281 1.5625E-4 0 -0.3125 0.0621875 0.2500781 1.5625E-4 0 0.3125 0.0621875 0.2500781 0.31265625 0.375 0.3125 0.0621875 0.3438281 0.31265625
0.375 -0.3125 0.0625 0.34390622 1.5625E-4 0.375 -0.3125 0.0621875 0.3438281 1.5625E-4 0.375 0.3125 0.0621875 0.3438281 0.31265625 0.375 0.3125 0.0625 0.34390622 0.31265625
0 -0.3125 0.0625 0.43765622 1.5625E-4 0.375 -0.3125 0.0625 0.34390622 1.5625E-4 0.375 0.3125 0.0625 0.34390622 0.31265625 0 0.3125 0.0625 0.43765622 0.31265625
0.3125 -0.25 3.125E-4 0.4532031 0.3125 0 -0.25 3.125E-4 0.3750781 0.3125 0 -0.25 0 0.3750781 0.31265625 0.3125 -0.25 0 0.4532031 0.31265625
0.3125 0.25 0 0.5313281 0.31265625 0 0.25 0 0.4532031 0.31265625 0 0.25 3.125E-4 0.4532031 0.3125 0.3125 0.25 3.125E-4 0.5313281 0.3125
0 -0.25 0 0.3750781 0.31265625 0 -0.25 3.125E-4 0.375 0.31265625 0 0.25 3.125E-4 0.375 0.5626563 0 0.25 0 0.3750781 0.5626563
0.3125 -0.25 0 0.4532031 0.31265625 0 -0.25 0 0.3750781 0.31265625 0 0.25 0 0.3750781 0.5626563 0.3125 0.25 0 0.4532031 0.5626563
0.3125 -0.25 3.125E-4 0.45328122 0.31265625 0.3125 -0.25 0 0.4532031 0.31265625 0.3125 0.25 0 0.4532031 0.5626563 0.3125 0.25 3.125E-4 0.45328122 0.5626563
0 -0.25 3.125E-4 0.5314062 0.31265625 0.3125 -0.25 3.125E-4 0.45328122 0.31265625 0.3125 0.25 3.125E-4 0.45328122 0.5626563 0 0.25 3.125E-4 0.5314062 0.5626563
3.1249996E-4 -0.31249997 -0.062499996 0.21882813 0 3.1249996E-4 -0.31249997 0.062499996 0.18757813 0 0 -0.31249997 0.062499996 0.18757813 1.5625E-4 0 -0.31249997 -0.062499996 0.21882813 1.5625E-4
0 0.31249997 -0.062499996 0.25007814 1.5625E-4 0 0.31249997 0.062499996 0.21882813 1.5625E-4 3.1249996E-4 0.31249997 0.062499996 0.21882813 0 3.1249996E-4 0.31249997 -0.062499996 0.25007814 0
0 -0.31249997 0.062499996 0.18757813 1.5625E-4 3.1249996E-4 -0.31249997 0.062499996 0.1875 1.5625E-4 3.1249996E-4 0.31249997 0.062499996 0.1875 0.31265625 0 0.31249997 0.062499996 0.18757813 0.31265625
0 -0.31249997 -0.062499996 0.21882813 1.5625E-4 0 -0.31249997 0.062499996 0.18757813 1.5625E-4 0 0.31249997 0.062499996 0.18757813 0.31265625 0 0.31249997 -0.062499996 0.21882813 0.31265625
3.1249996E-4 -0.31249997 -0.062499996 0.21890625 1.5625E-4 0 -0.31249997 -0.062499996 0.21882813 1.5625E-4 0 0.31249997 -0.062499996 0.21882813 0.31265625 3.1249996E-4 0.31249997 -0.062499996 0.21890625 0.31265625
3.1249996E-4 -0.31249997 0.062499996 0.25015625 1.5625E-4 3.1249996E-4 -0.31249997 -0.062499996 0.21890625 1.5625E-4 3.1249996E-4 0.31249997 -0.062499996 0.21890625 0.31265625 3.1249996E-4 0.31249997 0.062499996 0.25015625 0.31265625
0.3125 -0.25 3.125E-4 0.4532031 0.3125 0 -0.25 3.125E-4 0.3750781 0.3125 0 -0.25 0 0.3750781 0.31265625 0.3125 -0.25 0 0.4532031 0.31265625
0.3125 0.25 0 0.5313281 0.31265625 0 0.25 0 0.4532031 0.31265625 0 0.25 3.125E-4 0.4532031 0.3125 0.3125 0.25 3.125E-4 0.5313281 0.3125
0 -0.25 0 0.3750781 0.31265625 0 -0.25 3.125E-4 0.375 0.31265625 0 0.25 3.125E-4 0.375 0.5626563 0 0.25 0 0.3750781 0.5626563
0.3125 -0.25 0 0.4532031 0.31265625 0 -0.25 0 0.3750781 0.31265625 0 0.25 0 0.3750781 0.5626563 0.3125 0.25 0 0.4532031 0.5626563
0.3125 -0.25 3.125E-4 0.45328122 0.31265625 0.3125 -0.25 0 0.4532031 0.31265625 0.3125 0.25 0 0.4532031 0.5626563 0.3125 0.25 3.125E-4 0.45328122 0.5626563
0 -0.25 3.125E-4 0.5314062 0.31265625 0.3125 -0.25 3.125E-4 0.45328122 0.31265625 0.3125 0.25 3.125E-4 0.45328122 0.5626563 0 0.25 3.125E-4 0.5314062 0.5626563
0 -0.3125 -0.0625 0.09382813 0 0.375 -0.3125 -0.0625 7.8125E-5 0 0.375 -0.3125 -0.0621875 7.8125E-5 1.5625E-4 0 -0.3125 -0.0621875 0.09382813 1.5625E-4
0 0.3125 -0.0621875 0.18757813 1.5625E-4 0.375 0.3125 -0.0621875 0.09382813 1.5625E-4 0.375 0.3125 -0.0625 0.09382813 0 0 0.3125 -0.0625 0.18757813 0
0.375 -0.3125 -0.0621875 7.8125E-5 1.5625E-4 0.375 -0.3125 -0.0625 0 1.5625E-4 0.375 0.3125 -0.0625 0 0.31265625 0.375 0.3125 -0.0621875 7.8125E-5 0.31265625
0 -0.3125 -0.0621875 0.09382813 1.5625E-4 0.375 -0.3125 -0.0621875 7.8125E-5 1.5625E-4 0.375 0.3125 -0.0621875 7.8125E-5 0.31265625 0 0.3125 -0.0621875 0.09382813 0.31265625
0 -0.3125 -0.0625 0.09390625 1.5625E-4 0 -0.3125 -0.0621875 0.09382813 1.5625E-4 0 0.3125 -0.0621875 0.09382813 0.31265625 0 0.3125 -0.0625 0.09390625 0.31265625
0.375 -0.3125 -0.0625 0.18765625 1.5625E-4 0 -0.3125 -0.0625 0.09390625 1.5625E-4 0 0.3125 -0.0625 0.09390625 0.31265625 0.375 0.3125 -0.0625 0.18765625 0.31265625
form 4 6
0.25 -0.5 0.25 0.25 0 -0.25 -0.5 0.25 0.125 0 -0.25 -0.5 -0.25 0.125 0.25 0.25 -0.5 -0.25 0.25 0.25
0.25 0 -0.25 0.375 0.25 -0.25 0 -0.25 0.25 0.25 -0.25 0 0.25 0.25 0 0.25 0 0.25 0.375 0
-0.25 -0.5 -0.25 0.125 0.25 -0.25 -0.5 0.25 0 0.25 -0.25 0 0.25 0 0.5 -0.25 0 -0.25 0.125 0.5
0.25 -0.5 -0.25 0.25 0.25 -0.25 -0.5 -0.25 0.125 0.25 -0.25 0 -0.25 0.125 0.5 0.25 0 -0.25 0.25 0.5
0.25 -0.5 0.25 0.375 0.25 0.25 -0.5 -0.25 0.25 0.25 0.25 0 -0.25 0.25 0.5 0.25 0 0.25 0.375 0.5
-0.25 -0.5 0.25 0.5 0.25 0.25 -0.5 0.25 0.375 0.25 0.25 0 0.25 0.375 0.5 -0.25 0 0.25 0.5 0.5
form 5 12
0.25 -0.5 0.25 0.25 0 -0.25 -0.5 0.25 0.125 0 -0.25 -0.5 -0.25 0.125 0.125 0.25 -0.5 -0.25 0.25 0.125
0.25 0 -0.25 0.375 0.125 -0.25 0 -0.25 0.25 0.125 -0.25 0 0.25 0.25 0 0.25 0 0.25 0.375 0
-0.25 -0.5 -0.25 0.125 0.125 -0.25 -0.5 0.25 0 0.125 -0.25 0 0.25 0 0.25 -0.25 0 -0.25 0.125 0.25
0.25 -0.5 -0.25 0.25 0.125 -0.25 -0.5 -0.25 0.125 0.125 -0.25 0 -0.25 0.125 0.25 0.25 0 -0.25 0.25 0.25
0.25 -0.5 0.25 0.375 0.125 0.25 -0.5 -0.25 0.25 0.125 0.25 0 -0.25 0.25 0.25 0.25 0 0.25 0.375 0.25
-0.25 -0.5 0.25 0.5 0.125 0.25 -0.5 0.25 0.375 0.125 0.25 0 0.25 0.375 0.25 -0.25 0 0.25 0.5 0.25
0.265625 -0.515625 0.265625 0.75 0 -0.265625 -0.515625 0.265625 0.625 0 -0.265625 -0.515625 -0.265625 0.625 0.125 0.265625 -0.515625 -0.265625 0.75 0.125
0.265625 0.015625 -0.265625 0.875 0.125 -0.265625 0.015625 -0.265625 0.75 0.125 -0.265625 0.015625 0.265625 0.75 0 0.265625 0.015625 0.265625 0.875 0
-0.265625 -0.515625 -0.265625 0.625 0.125 -0.265625 -0.515625 0.265625 0.5 0.125 -0.265625 0.015625 0.265625 0.5 0.25 -0.265625 0.015625 -0.265625 0.625 0.25
0.265625 -0.515625 -0.265625 0.75 0.125 -0.265625 -0.515625 -0.265625 0.625 0.125 -0.265625 0.015625 -0.265625 0.625 0.25 0.265625 0.015625 -0.265625 0.75 0.25
0.265625 -0.515625 0.265625 0.875 0.125 0.265625 -0.515625 -0.265625 0.75 0.125 0.265625 0.015625 -0.265625 0.75 0.25 0.265625 0.015625 0.265625 0.875 0.25
-0.265625 -0.515625 0.265625 1 0.125 0.265625 -0.515625 0.265625 0.875 0.125 0.265625 0.015625 0.265625 0.875 0.25 -0.265625 0.015625 0.265625 1 0.25
form 6 42
0.28125 -0.42125 -0.375 0.796875 0.171875 -0.28125 -0.42125 -0.375 0.75 0.171875 -0.28125 -0.42125 -1.125 0.75 0.234375 0.28125 -0.42125 -1.125 0.796875 0.234375
0.28125 -0.18687499 -1.125 0.84375 0.234375 -0.28125 -0.18687499 -1.125 0.796875 0.234375 -0.28125 -0.18687499 -0.375 0.796875 0.171875 0.28125 -0.18687499 -0.375 0.84375 0.171875
-0.28125 -0.42125 -1.125 0.75 0.234375 -0.28125 -0.42125 -0.375 0.6875 0.234375 -0.28125 -0.18687499 -0.375 0.6875 0.25390625 -0.28125 -0.18687499 -1.125 0.75 0.25390625
0.28125 -0.42125 -1.125 0.796875 0.234375 -0.28125 -0.42125 -1.125 0.75 0.234375 -0.28125 -0.18687499 -1.125 0.75 0.25390625 0.28125 -0.18687499 -1.125 0.796875 0.25390625
0.28125 -0.42125 -0.375 0.859375 0.234375 0.28125 -0.42125 -1.125 0.796875 0.234375 0.28125 -0.18687499 -1.125 0.796875 0.25390625 0.28125 -0.18687499 -0.375 0.859375 0.25390625
-0.28125 -0.42125 -0.375 0.90625 0.234375 0.28125 -0.42125 -0.375 0.859375 0.234375 0.28125 -0.18687499 -0.375 0.859375 0.25390625 -0.28125 -0.18687499 -0.375 0.90625 0.25390625
0.375 -0.749375 0.28125 0.5625 0.1171875 -0.375 -0.749375 0.28125 0.5 0.1171875 -0.375 -0.749375 -0.46875 0.5 0.1796875 0.375 -0.749375 -0.46875 0.5625 0.1796875
0.375 6.250143E-4 -0.46875 0.625 0.1796875 -0.375 6.250143E-4 -0.46875 0.5625 0.1796875 -0.375 6.250143E-4 0.28125 0.5625 0.1171875 0.375 6.250143E-4 0.28125 0.625 0.1171875
-0.375 -0.749375 -0.46875 0.5 0.1796875 -0.375 -0.749375 0.28125 0.4375 0.1796875 -0.375 6.250143E-4 0.28125 0.4375 0.2421875 -0.375 6.250143E-4 -0.46875 0.5 0.2421875
0.375 -0.749375 -0.46875 0.5625 0.1796875 -0.375 -0.749375 -0.46875 0.5 0.1796875 -0.375 6.250143E-4 -0.46875 0.5 0.2421875 0.375 6.250143E-4 -0.46875 0.5625 0.2421875
0.375 -0.749375 0.28125 0.625 0.1796875 0.375 -0.749375 -0.46875 0.5625 0.1796875 0.375 6.250143E-4 -0.46875 0.5625 0.2421875 0.375 6.250143E-4 0.28125 0.625 0.2421875
-0.375 -0.749375 0.28125 0.6875 0.1796875 0.375 -0.749375 0.28125 0.625 0.1796875 0.375 6.250143E-4 0.28125 0.625 0.2421875 -0.375 6.250143E-4 0.28125 0.6875 0.2421875
-0.234375 -0.936875 -0.1875 0.03125 0.0234375 -0.140625 -0.936875 -0.1875 0.0234375 0.0234375 -0.140625 -0.936875 0.09375 0.0234375 0 -0.234375 -0.936875 0.09375 0.03125 0
-0.234375 -0.749375 0.09375 0.0390625 0 -0.140625 -0.749375 0.09375 0.03125 0 -0.140625 -0.749375 -0.1875 0.03125 0.0234375 -0.234375 -0.749375 -0.1875 0.0390625 0.0234375
-0.140625 -0.749375 -0.1875 0.0234375 0.0390625 -0.140625 -0.749375 0.09375 0 0.0390625 -0.140625 -0.936875 0.09375 0 0.0234375 -0.140625 -0.936875 -0.1875 0.0234375 0.0234375
-0.234375 -0.749375 -0.1875 0.03125 0.0390625 -0.140625 -0.749375 -0.1875 0.0234375 0.0390625 -0.140625 -0.936875 -0.1875 0.0234375 0.0234375 -0.234375 -0.936875 -0.1875 0.03125 0.0234375
-0.234375 -0.749375 0.09375 0.0546875 0.0390625 -0.234375 -0.749375 -0.1875 0.03125 0.0390625 -0.234375 -0.936875 -0.1875 0.03125 0.0234375 -0.234375 -0.936875 0.09375 0.0546875 0.0234375
-0.140625 -0.749375 0.09375 0.0625 0.0390625 -0.234375 -0.749375 0.09375 0.0546875 0.0390625 -0.234375 -0.936875 0.09375 0.0546875 0.0234375 -0.140625 -0.936875 0.09375 0.0625 0.0234375
-0.234375 -0.515 -1.03125 0.4609375 0.015625 -0.140625 -0.515 -1.03125 0.453125 0.015625 -0.140625 -0.515 -0.84375 0.453125 0 -0.234375 -0.515 -0.84375 0.4609375 0
-0.234375 -0.42125 -0.84375 0.46875 0 -0.140625 -0.42125 -0.84375 0.4609375 0 -0.140625 -0.42125 -1.03125 0.4609375 0.015625 -0.234375 -0.42125 -1.03125 0.46875 0.015625
-0.140625 -0.42125 -1.03125 0.453125 0.0234375 -0.140625 -0.42125 -0.84375 0.4375 0.0234375 -0.140625 -0.515 -0.84375 0.4375 0.015625 -0.140625 -0.515 -1.03125 0.453125 0.015625
-0.234375 -0.42125 -1.03125 0.4609375 0.0234375 -0.140625 -0.42125 -1.03125 0.453125 0.0234375 -0.140625 -0.515 -1.03125 0.453125 0.015625 -0.234375 -0.515 -1.03125 0.4609375 0.015625
-0.234375 -0.42125 -0.84375 0.4765625 0.0234375 -0.234375 -0.42125 -1.03125 0.4609375 0.0234375 -0.234375 -0.515 -1.03125 0.4609375 0.015625 -0.234375 -0.515 -0.84375 0.4765625 0.015625
-0.140625 -0.42125 -0.84375 0.484375 0.0234375 -0.234375 -0.42125 -0.84375 0.4765625 0.0234375 -0.234375 -0.515 -0.84375 0.4765625 0.015625 -0.140625 -0.515 -0.84375 0.484375 0.015625
0.234375 -0.936875 0.09375 0.03125 0 0.140625 -0.936875 0.09375 0.0234375 0 0.140625 -0.936875 -0.1875 0.0234375 0.0234375 0.234375 -0.936875 -0.1875 0.03125 0.0234375
0.234375 -0.749375 -0.1875 0.0390625 0.0234375 0.140625 -0.749375 -0.1875 0.03125 0.0234375 0.140625 -0.749375 0.09375 0.03125 0 0.234375 -0.749375 0.09375 0.0390625 0
0.140625 -0.936875 -0.1875 0.0234375 0.0234375 0.140625 -0.936875 0.09375 0 0.0234375 0.140625 -0.749375 0.09375 0 0.0390625 0.140625 -0.749375 -0.1875 0.0234375 0.0390625
0.234375 -0.936875 -0.1875 0.03125 0.0234375 0.140625 -0.936875 -0.1875 0.0234375 0.0234375 0.140625 -0.749375 -0.1875 0.0234375 0.0390625 0.234375 -0.749375 -0.1875 0.03125 0.0390625
0.234375 -0.936875 0.09375 0.0546875 0.0234375 0.234375 -0.936875 -0.1875 0.03125 0.0234375 0.234375 -0.749375 -0.1875 0.03125 0.0390625 0.234375 -0.749375 0.09375 0.0546875 0.0390625
0.140625 -0.936875 0.09375 0.0625 0.0234375 0.234375 -0.936875 0.09375 0.0546875 0.0234375 0.234375 -0.749375 0.09375 0.0546875 0.0390625 0.140625 -0.749375 0.09375 0.0625 0.0390625
0.234375 -0.515 -0.84375 0.4609375 0 0.140625 -0.515 -0.84375 0.453125 0 0.140625 -0.515 -1.03125 0.453125 0.015625 0.234375 -0.515 -1.03125 0.4609375 0.015625
0.234375 -0.42125 -1.03125 0.46875 0.015625 0.140625 -0.42125 -1.03125 0.4609375 0.015625 0.140625 -0.42125 -0.84375 0.4609375 0 0.234375 -0.42125 -0.84375 0.46875 0
0.140625 -0.515 -1.03125 0.453125 0.015625 0.140625 -0.515 -0.84375 0.4375 0.015625 0.140625 -0.42125 -0.84375 0.4375 0.0234375 0.140625 -0.42125 -1.03125 0.453125 0.0234375
0.234375 -0.515 -1.03125 0.4609375 0.015625 0.140625 -0.515 -1.03125 0.453125 0.015625 0.140625 -0.42125 -1.03125 0.453125 0.0234375 0.234375 -0.42125 -1.03125 0.4609375 0.0234375
0.234375 -0.515 -0.84375 0.4765625 0.015625 0.234375 -0.515 -1.03125 0.4609375 0.015625 0.234375 -0.42125 -1.03125 0.4609375 0.0234375 0.234375 -0.42125 -0.84375 0.4765625 0.0234375
0.140625 -0.515 -0.84375 0.484375 0.015625 0.234375 -0.515 -0.84375 0.4765625 0.015625 0.234375 -0.42125 -0.84375 0.4765625 0.0234375 0.140625 -0.42125 -0.84375 0.484375 0.0234375
0.28125 -0.18687499 -0.375 0.796875 0.25390625 -0.28125 -0.18687499 -0.375 0.75 0.25390625 -0.28125 -0.03787297 -1.11005 0.75 0.31640625 0.28125 -0.03787297 -1.11005 0.796875 0.31640625
0.28125 0.14588952 -1.0727994 0.84375 0.31640625 -0.28125 0.14588952 -1.0727994 0.796875 0.31640625 -0.28125 -0.003112495 -0.33774948 0.796875 0.25390625 0.28125 -0.003112495 -0.33774948 0.84375 0.25390625
-0.28125 -0.03787297 -1.11005 0.75 0.31640625 -0.28125 -0.18687499 -0.375 0.6875 0.31640625 -0.28125 -0.003112495 -0.33774948 0.6875 0.33203125 -0.28125 0.14588952 -1.0727994 0.75 0.33203125
0.28125 -0.03787297 -1.11005 0.796875 0.31640625 -0.28125 -0.03787297 -1.11005 0.75 0.31640625 -0.28125 0.14588952 -1.0727994 0.75 0.33203125 0.28125 0.14588952 -1.0727994 0.796875 0.33203125
0.28125 -0.18687499 -0.375 0.859375 0.31640625 0.28125 -0.03787297 -1.11005 0.796875 0.31640625 0.28125 0.14588952 -1.0727994 0.796875 0.33203125 0.28125 -0.003112495 -0.33774948 0.859375 0.33203125
-0.28125 -0.18687499 -0.375 0.90625 0.31640625 0.28125 -0.18687499 -0.375 0.859375 0.31640625 0.28125 -0.003112495 -0.33774948 0.859375 0.33203125 -0.28125 -0.003112495 -0.33774948 0.90625 0.33203125
form 7 36
0.3125 -0.5 0.25 0.28125 0 -0.3125 -0.5 0.25 0.125 0 -0.3125 -0.5 -0.25 0.125 0.125 0.3125 -0.5 -0.25 0.28125 0.125
0.3125 0 -0.25 0.4375 0.125 -0.3125 0 -0.25 0.28125 0.125 -0.3125 0 0.25 0.28125 0 0.3125 0 0.25 0.4375 0
-0.3125 -0.5 -0.25 0.125 0.125 -0.3125 -0.5 0.25 0 0.125 -0.3125 0 0.25 0 0.25 -0.3125 0 -0.25 0.125 0.25
0.3125 -0.5 -0.25 0.28125 0.125 -0.3125 -0.5 -0.25 0.125 0.125 -0.3125 0 -0.25 0.125 0.25 0.3125 0 -0.25 0.28125 0.25
0.3125 -0.5 0.25 0.40625 0.125 0.3125 -0.5 -0.25 0.28125 0.125 0.3125 0 -0.25 0.28125 0.25 0.3125 0 0.25 0.40625 0.25
-0.3125 -0.5 0.25 0.5625 0.125 0.3125 -0.5 0.25 0.40625 0.125 0.3125 0 0.25 0.40625 0.25 -0.3125 0 0.25 0.5625 0.25
0.125 -0.25 -0.25 0.5625 0.015625 -0.125 -0.25 -0.25 0.5 0.015625 -0.125 -0.25 -0.3125 0.5 0.03125 0.125 -0.25 -0.3125 0.5625 0.03125
0.125 0 -0.3125 0.625 0.03125 -0.125 0 -0.3125 0.5625 0.03125 -0.125 0 -0.25 0.5625 0.015625 0.125 0 -0.25 0.625 0.015625
-0.125 -0.25 -0.3125 0.5 0.03125 -0.125 -0.25 -0.25 0.484375 0.03125 -0.125 0 -0.25 0.484375 0.09375 -0.125 0 -0.3125 0.5 0.09375
0.125 -0.25 -0.3125 0.5625 0.03125 -0.125 -0.25 -0.3125 0.5 0.03125 -0.125 0 -0.3125 0.5 0.09375 0.125 0 -0.3125 0.5625 0.09375
0.125 -0.25 -0.25 0.578125 0.03125 0.125 -0.25 -0.3125 0.5625 0.03125 0.125 0 -0.3125 0.5625 0.09375 0.125 0 -0.25 0.578125 0.09375
-0.125 -0.25 -0.25 0.640625 0.03125 0.125 -0.25 -0.25 0.578125 0.03125 0.125 0 -0.25 0.578125 0.09375 -0.125 0 -0.25 0.640625 0.09375
0.1875 -0.125 -0.25 0.0625 0.0625 0.125 -0.125 -0.25 0.046875 0.0625 0.125 -0.125 -0.3125 0.046875 0.078125 0.1875 -0.125 -0.3125 0.0625 0.078125
0.1875 0 -0.3125 0.078125 0.078125 0.125 0 -0.3125 0.0625 0.078125 0.125 0 -0.25 0.0625 0.0625 0.1875 0 -0.25 0.078125 0.0625
0.125 -0.125 -0.3125 0.046875 0.078125 0.125 -0.125 -0.25 0.03125 0.078125 0.125 0 -0.25 0.03125 0.109375 0.125 0 -0.3125 0.046875 0.109375
0.1875 -0.125 -0.3125 0.0625 0.078125 0.125 -0.125 -0.3125 0.046875 0.078125 0.125 0 -0.3125 0.046875 0.109375 0.1875 0 -0.3125 0.0625 0.109375
0.1875 -0.125 -0.25 0.078125 0.078125 0.1875 -0.125 -0.3125 0.0625 0.078125 0.1875 0 -0.3125 0.0625 0.109375 0.1875 0 -0.25 0.078125 0.109375
0.125 -0.125 -0.25 0.09375 0.078125 0.1875 -0.125 -0.25 0.078125 0.078125 0.1875 0 -0.25 0.078125 0.109375 0.125 0 -0.25 0.09375 0.109375
-0.125 -0.125 -0.25 0.0625 0 -0.1875 -0.125 -0.25 0.046875 0 -0.1875 -0.125 -0.3125 0.046875 0.015625 -0.125 -0.125 -0.3125 0.0625 0.015625
-0.125 0 -0.3125 0.078125 0.015625 -0.1875 0 -0.3125 0.0625 0.015625 -0.1875 0 -0.25 0.0625 0 -0.125 0 -0.25 0.078125 0
-0.1875 -0.125 -0.3125 0.046875 0.015625 -0.1875 -0.125 -0.25 0.03125 0.015625 -0.1875 0 -0.25 0.03125 0.046875 -0.1875 0 -0.3125 0.046875 0.046875
-0.125 -0.125 -0.3125 0.0625 0.015625 -0.1875 -0.125 -0.3125 0.046875 0.015625 -0.1875 0 -0.3125 0.046875 0.046875 -0.125 0 -0.3125 0.0625 0.046875
-0.125 -0.125 -0.25 0.078125 0.015625 -0.125 -0.125 -0.3125 0.0625 0.015625 -0.125 0 -0.3125 0.0625 0.046875 -0.125 0 -0.25 0.078125 0.046875
-0.1875 -0.125 -0.25 0.09375 0.015625 -0.125 -0.125 -0.25 0.078125 0.015625 -0.125 0 -0.25 0.078125 0.046875 -0.1875 0 -0.25 0.09375 0.046875
-0.28125 -0.375 0.125 0.6875 0.09375 -0.32905263 -0.4152636 0.125 0.671875 0.09375 -0.32905263 -0.4152636 -0.125 0.671875 0.15625 -0.28125 -0.375 -0.125 0.6875 0.15625
-0.48256803 -0.13598683 -0.125 0.703125 0.15625 -0.53037065 -0.17625044 -0.125 0.6875 0.15625 -0.53037065 -0.17625044 0.125 0.6875 0.09375 -0.48256803 -0.13598683 0.125 0.703125 0.09375
-0.32905263 -0.4152636 -0.125 0.671875 0.15625 -0.32905263 -0.4152636 0.125 0.609375 0.15625 -0.53037065 -0.17625044 0.125 0.609375 0.234375 -0.53037065 -0.17625044 -0.125 0.671875 0.234375
-0.28125 -0.375 -0.125 0.6875 0.15625 -0.32905263 -0.4152636 -0.125 0.671875 0.15625 -0.53037065 -0.17625044 -0.125 0.671875 0.234375 -0.48256803 -0.13598683 -0.125 0.6875 0.234375
-0.28125 -0.375 0.125 0.75 0.15625 -0.28125 -0.375 -0.125 0.6875 0.15625 -0.48256803 -0.13598683 -0.125 0.6875 0.234375 -0.48256803 -0.13598683 0.125 0.75 0.234375
-0.32905263 -0.4152636 0.125 0.765625 0.15625 -0.28125 -0.375 0.125 0.75 0.15625 -0.48256803 -0.13598683 0.125 0.75 0.234375 -0.53037065 -0.17625044 0.125 0.765625 0.234375
0.32905263 -0.4152636 0.125 0.875 0.09375 0.28125 -0.375 0.125 0.859375 0.09375 0.28125 -0.375 -0.125 0.859375 0.15625 0.32905263 -0.4152636 -0.125 0.875 0.15625
0.53037065 -0.17625044 -0.125 0.890625 0.15625 0.48256803 -0.13598683 -0.125 0.875 0.15625 0.48256803 -0.13598683 0.125 0.875 0.09375 0.53037065 -0.17625044 0.125 0.890625 0.09375
0.28125 -0.375 -0.125 0.859375 0.15625 0.28125 -0.375 0.125 0.796875 0.15625 0.48256803 -0.13598683 0.125 0.796875 0.234375 0.48256803 -0.13598683 -0.125 0.859375 0.234375
0.32905263 -0.4152636 -0.125 0.875 0.15625 0.28125 -0.375 -0.125 0.859375 0.15625 0.48256803 -0.13598683 -0.125 0.859375 0.234375 0.53037065 -0.17625044 -0.125 0.875 0.234375
0.32905263 -0.4152636 0.125 0.9375 0.15625 0.32905263 -0.4152636 -0.125 0.875 0.15625 0.53037065 -0.17625044 -0.125 0.875 0.234375 0.53037065 -0.17625044 0.125 0.9375 0.234375
0.28125 -0.375 0.125 0.953125 0.15625 0.32905263 -0.4152636 0.125 0.9375 0.15625 0.53037065 -0.17625044 0.125 0.9375 0.234375 0.48256803 -0.13598683 0.125 0.953125 0.234375
form 8 12
0.625 -2.75 0.0625 0.34375 0.65625 -0.625 -2.75 0.0625 0.03125 0.65625 -0.625 -2.75 -0.0625 0.03125 0.6875 0.625 -2.75 -0.0625 0.34375 0.6875
0.625 -2.625 -0.0625 0.65625 0.6875 -0.625 -2.625 -0.0625 0.34375 0.6875 -0.625 -2.625 0.0625 0.34375 0.65625 0.625 -2.625 0.0625 0.65625 0.65625
-0.625 -2.75 -0.0625 0.03125 0.6875 -0.625 -2.75 0.0625 0 0.6875 -0.625 -2.625 0.0625 0 0.71875 -0.625 -2.625 -0.0625 0.03125 0.71875
0.625 -2.75 -0.0625 0.34375 0.6875 -0.625 -2.75 -0.0625 0.03125 0.6875 -0.625 -2.625 -0.0625 0.03125 0.71875 0.625 -2.625 -0.0625 0.34375 0.71875
0.625 -2.75 0.0625 0.375 0.6875 0.625 -2.75 -0.0625 0.34375 0.6875 0.625 -2.625 -0.0625 0.34375 0.71875 0.625 -2.625 0.0625 0.375 0.71875
-0.625 -2.75 0.0625 0.6875 0.6875 0.625 -2.75 0.0625 0.375 0.6875 0.625 -2.625 0.0625 0.375 0.71875 -0.625 -2.625 0.0625 0.6875 0.71875
0.0625 -2.625 0.0625 0.75 0 -0.0625 -2.625 0.0625 0.71875 0 -0.0625 -2.625 -0.0625 0.71875 0.03125 0.0625 -2.625 -0.0625 0.75 0.03125
0.0625 0 -0.0625 0.78125 0.03125 -0.0625 0 -0.0625 0.75 0.03125 -0.0625 0 0.0625 0.75 0 0.0625 0 0.0625 0.78125 0
-0.0625 -2.625 -0.0625 0.71875 0.03125 -0.0625 -2.625 0.0625 0.6875 0.03125 -0.0625 0 0.0625 0.6875 0.6875 -0.0625 0 -0.0625 0.71875 0.6875
0.0625 -2.625 -0.0625 0.75 0.03125 -0.0625 -2.625 -0.0625 0.71875 0.03125 -0.0625 0 -0.0625 0.71875 0.6875 0.0625 0 -0.0625 0.75 0.6875
0.0625 -2.625 0.0625 0.78125 0.03125 0.0625 -2.625 -0.0625 0.75 0.03125 0.0625 0 -0.0625 0.75 0.6875 0.0625 0 0.0625 0.78125 0.6875
-0.0625 -2.625 0.0625 0.8125 0.03125 0.0625 -2.625 0.0625 0.78125 0.03125 0.0625 0 0.0625 0.78125 0.6875 -0.0625 0 0.0625 0.8125 0.6875
form 9 6
0.62499994 -2.750491 -0.062498067 0.328125 0 -0.62499994 -2.750491 -0.062498067 0.015625 0 -0.62499994 -2.7509818 -0.12499613 0.015625 0.015625 0.62499994 -2.7509818 -0.12499613 0.328125 0.015625
0.62499994 -0.25105906 -0.1446309 0.640625 0.015625 -0.62499994 -0.25105906 -0.1446309 0.328125 0.015625 -0.62499994 -0.25056815 -0.082132824 0.328125 0 0.62499994 -0.25056815 -0.082132824 0.640625 0
-0.62499994 -2.7509818 -0.12499613 0.015625 0.015625 -0.62499994 -2.750491 -0.062498067 0 0.015625 -0.62499994 -0.25056815 -0.082132824 0 0.640625 -0.62499994 -0.25105906 -0.1446309 0.015625 0.640625
0.62499994 -2.7509818 -0.12499613 0.328125 0.015625 -0.62499994 -2.7509818 -0.12499613 0.015625 0.015625 -0.62499994 -0.25105906 -0.1446309 0.015625 0.640625 0.62499994 -0.25105906 -0.1446309 0.328125 0.640625
0.62499994 -2.750491 -0.062498067 0.34375 0.015625 0.62499994 -2.7509818 -0.12499613 0.328125 0.015625 0.62499994 -0.25105906 -0.1446309 0.328125 0.640625 0.62499994 -0.25056815 -0.082132824 0.34375 0.640625
-0.62499994 -2.750491 -0.062498067 0.65625 0.015625 0.62499994 -2.750491 -0.062498067 0.34375 0.015625 0.62499994 -0.25056815 -0.082132824 0.34375 0.640625 -0.62499994 -0.25056815 -0.082132824 0.65625 0.640625
form 10 6
0.625 -1.28125 0.71875 0.34375 0.65625 -0.625 -1.28125 0.71875 0.03125 0.65625 -0.625 -1.28125 0.59375 0.03125 0.6875 0.625 -1.28125 0.59375 0.34375 0.6875
0.625 -1.15625 0.59375 0.65625 0.6875 -0.625 -1.15625 0.59375 0.34375 0.6875 -0.625 -1.15625 0.71875 0.34375 0.65625 0.625 -1.15625 0.71875 0.65625 0.65625
-0.625 -1.28125 0.59375 0.03125 0.6875 -0.625 -1.28125 0.71875 0 0.6875 -0.625 -1.15625 0.71875 0 0.71875 -0.625 -1.15625 0.59375 0.03125 0.71875
0.625 -1.28125 0.59375 0.34375 0.6875 -0.625 -1.28125 0.59375 0.03125 0.6875 -0.625 -1.15625 0.59375 0.03125 0.71875 0.625 -1.15625 0.59375 0.34375 0.71875
0.625 -1.28125 0.71875 0.375 0.6875 0.625 -1.28125 0.59375 0.34375 0.6875 0.625 -1.15625 0.59375 0.34375 0.71875 0.625 -1.15625 0.71875 0.375 0.71875
-0.625 -1.28125 0.71875 0.6875 0.6875 0.625 -1.28125 0.71875 0.375 0.6875 0.625 -1.15625 0.71875 0.375 0.71875 -0.625 -1.15625 0.71875 0.6875 0.71875
form 11 6
0.62499994 -1.2817409 0.5937519 0.328125 0 -0.62499994 -1.2817409 0.5937519 0.015625 0 -0.62499994 -1.2822317 0.5312539 0.015625 0.015625 0.62499994 -1.2822317 0.5312539 0.328125 0.015625
0.62499994 1.2176911 0.5116191 0.640625 0.015625 -0.62499994 1.2176911 0.5116191 0.328125 0.015625 -0.62499994 1.2181818 0.5741171 0.328125 0 0.62499994 1.2181818 0.5741171 0.640625 0
-0.62499994 -1.2822317 0.5312539 0.015625 0.015625 -0.62499994 -1.2817409 0.5937519 0 0.015625 -0.62499994 1.2181818 0.5741171 0 0.640625 -0.62499994 1.2176911 0.5116191 0.015625 0.640625
0.62499994 -1.2822317 0.5312539 0.328125 0.015625 -0.62499994 -1.2822317 0.5312539 0.015625 0.015625 -0.62499994 1.2176911 0.5116191 0.015625 0.640625 0.62499994 1.2176911 0.5116191 0.328125 0.640625
0.62499994 -1.2817409 0.5937519 0.34375 0.015625 0.62499994 -1.2822317 0.5312539 0.328125 0.015625 0.62499994 1.2176911 0.5116191 0.328125 0.640625 0.62499994 1.2181818 0.5741171 0.34375 0.640625
-0.62499994 -1.2817409 0.5937519 0.65625 0.015625 0.62499994 -1.2817409 0.5937519 0.34375 0.015625 0.62499994 1.2181818 0.5741171 0.34375 0.640625 -0.62499994 1.2181818 0.5741171 0.65625 0.640625
form 12 12
0.5 0.5 0.5 0.5 0 -0.5 0.5 0.5 0.25 0 -0.5 0.5 -0.5 0.25 0.25 0.5 0.5 -0.5 0.5 0.25
0.5 1.25 -0.5 0.75 0.25 -0.5 1.25 -0.5 0.5 0.25 -0.5 1.25 0.5 0.5 0 0.5 1.25 0.5 0.75 0
-0.5 0.5 -0.5 0.25 0.25 -0.5 0.5 0.5 0 0.25 -0.5 1.25 0.5 0 0.4375 -0.5 1.25 -0.5 0.25 0.4375
0.5 0.5 -0.5 0.5 0.25 -0.5 0.5 -0.5 0.25 0.25 -0.5 1.25 -0.5 0.25 0.4375 0.5 1.25 -0.5 0.5 0.4375
0.5 0.5 0.5 0.75 0.25 0.5 0.5 -0.5 0.5 0.25 0.5 1.25 -0.5 0.5 0.4375 0.5 1.25 0.5 0.75 0.4375
-0.5 0.5 0.5 1 0.25 0.5 0.5 0.5 0.75 0.25 0.5 1.25 0.5 0.75 0.4375 -0.5 1.25 0.5 1 0.4375
0.5 1 0.5 0.5 0.4375 -0.5 1 0.5 0.25 0.4375 -0.5 1 -0.5 0.25 0.6875 0.5 1 -0.5 0.5 0.6875
0.5 1.5 -0.5 0.75 0.6875 -0.5 1.5 -0.5 0.5 0.6875 -0.5 1.5 0.5 0.5 0.4375 0.5 1.5 0.5 0.75 0.4375
-0.5 1 -0.5 0.25 0.6875 -0.5 1 0.5 0 0.6875 -0.5 1.5 0.5 0 0.8125 -0.5 1.5 -0.5 0.25 0.8125
0.5 1 -0.5 0.5 0.6875 -0.5 1 -0.5 0.25 0.6875 -0.5 1.5 -0.5 0.25 0.8125 0.5 1.5 -0.5 0.5 0.8125
0.5 1 0.5 0.75 0.6875 0.5 1 -0.5 0.5 0.6875 0.5 1.5 -0.5 0.5 0.8125 0.5 1.5 0.5 0.75 0.8125
-0.5 1 0.5 1 0.6875 0.5 1 0.5 0.75 0.6875 0.5 1.5 0.5 0.75 0.8125 -0.5 1.5 0.5 1 0.8125
form 13 6
0.1875 -0.1875 0.1875 0.375 0 -0.1875 -0.1875 0.1875 0.1875 0 -0.1875 -0.1875 -0.1875 0.1875 0.375 0.1875 -0.1875 -0.1875 0.375 0.375
0.1875 0.1875 -0.1875 0.5625 0.375 -0.1875 0.1875 -0.1875 0.375 0.375 -0.1875 0.1875 0.1875 0.375 0 0.1875 0.1875 0.1875 0.5625 0
-0.1875 -0.1875 -0.1875 0.1875 0.375 -0.1875 -0.1875 0.1875 0 0.375 -0.1875 0.1875 0.1875 0 0.75 -0.1875 0.1875 -0.1875 0.1875 0.75
0.1875 -0.1875 -0.1875 0.375 0.375 -0.1875 -0.1875 -0.1875 0.1875 0.375 -0.1875 0.1875 -0.1875 0.1875 0.75 0.1875 0.1875 -0.1875 0.375 0.75
0.1875 -0.1875 0.1875 0.5625 0.375 0.1875 -0.1875 -0.1875 0.375 0.375 0.1875 0.1875 -0.1875 0.375 0.75 0.1875 0.1875 0.1875 0.5625 0.75
-0.1875 -0.1875 0.1875 0.75 0.375 0.1875 -0.1875 0.1875 0.5625 0.375 0.1875 0.1875 0.1875 0.5625 0.75 -0.1875 0.1875 0.1875 0.75 0.75
form 14 42
0.022728553 -0.25 0.31609404 0.28125 0.3125 6.2319264E-4 -0.25 0.0043768613 0.203125 0.3125 0.06296663 -0.25 -4.421072E-5 0.203125 0.34375 0.08507199 -0.25 0.311673 0.28125 0.34375
0.08507199 0.25 0.311673 0.359375 0.34375 0.06296663 0.25 -4.421072E-5 0.28125 0.34375 6.2319264E-4 0.25 0.0043768613 0.28125 0.3125 0.022728553 0.25 0.31609404 0.359375 0.3125
0.06296663 -0.25 -4.421072E-5 0.203125 0.34375 6.2319264E-4 -0.25 0.0043768613 0.1875 0.34375 6.2319264E-4 0.25 0.0043768613 0.1875 0.59375 0.06296663 0.25 -4.421072E-5 0.203125 0.59375
0.08507199 -0.25 0.311673 0.28125 0.34375 0.06296663 -0.25 -4.421072E-5 0.203125 0.34375 0.06296663 0.25 -4.421072E-5 0.203125 0.59375 0.08507199 0.25 0.311673 0.28125 0.59375
0.022728553 -0.25 0.31609404 0.296875 0.34375 0.08507199 -0.25 0.311673 0.28125 0.34375 0.08507199 0.25 0.311673 0.28125 0.59375 0.022728553 0.25 0.31609404 0.296875 0.59375
6.2319264E-4 -0.25 0.0043768613 0.375 0.34375 0.022728553 -0.25 0.31609404 0.296875 0.34375 0.022728553 0.25 0.31609404 0.296875 0.59375 6.2319264E-4 0.25 0.0043768613 0.375 0.59375
0.08507199 -0.25 -0.311673 0.09375 0.3125 0.06296663 -0.25 4.421068E-5 0.015625 0.3125 6.2319264E-4 -0.25 -0.0043768613 0.015625 0.34375 0.022728553 -0.25 -0.31609404 0.09375 0.34375
0.022728553 0.25 -0.31609404 0.171875 0.34375 6.2319264E-4 0.25 -0.0043768613 0.09375 0.34375 0.06296663 0.25 4.421068E-5 0.09375 0.3125 0.08507199 0.25 -0.311673 0.171875 0.3125
6.2319264E-4 -0.25 -0.0043768613 0.015625 0.34375 0.06296663 -0.25 4.421068E-5 0 0.34375 0.06296663 0.25 4.421068E-5 0 0.59375 6.2319264E-4 0.25 -0.0043768613 0.015625 0.59375
0.022728553 -0.25 -0.31609404 0.09375 0.34375 6.2319264E-4 -0.25 -0.0043768613 0.015625 0.34375 6.2319264E-4 0.25 -0.0043768613 0.015625 0.59375 0.022728553 0.25 -0.31609404 0.09375 0.59375
0.08507199 -0.25 -0.311673 0.109375 0.34375 0.022728553 -0.25 -0.31609404 0.09375 0.34375 0.022728553 0.25 -0.31609404 0.09375 0.59375 0.08507199 0.25 -0.311673 0.109375 0.59375
0.06296663 -0.25 4.421068E-5 0.1875 0.34375 0.08507199 -0.25 -0.311673 0.109375 0.34375 0.08507199 0.25 -0.311673 0.109375 0.59375 0.06296663 0.25 4.421068E-5 0.1875 0.59375
0.026526432 -0.3125 0.43656063 0.3438281 0 0 -0.3125 0.0625 0.2500781 0 3.117172E-4 -0.3125 0.062477894 0.2500781 1.5625E-4 0.02683815 -0.3125 0.43653852 0.3438281 1.5625E-4
0.02683815 0.3125 0.43653852 0.4375781 1.5625E-4 3.117172E-4 0.3125 0.062477894 0.3438281 1.5625E-4 0 0.3125 0.0625 0.3438281 0 0.026526432 0.3125 0.43656063 0.4375781 0
3.117172E-4 -0.3125 0.062477894 0.2500781 1.5625E-4 0 -0.3125 0.0625 0.25 1.5625E-4 0 0.3125 0.0625 0.25 0.31265625 3.117172E-4 0.3125 0.062477894 0.2500781 0.31265625
0.02683815 -0.3125 0.43653852 0.3438281 1.5625E-4 3.117172E-4 -0.3125 0.062477894 0.2500781 1.5625E-4 3.117172E-4 0.3125 0.062477894 0.2500781 0.31265625 0.02683815 0.3125 0.43653852 0.3438281 0.31265625
0.026526432 -0.3125 0.43656063 0.34390622 1.5625E-4 0.02683815 -0.3125 0.43653852 0.3438281 1.5625E-4 0.02683815 0.3125 0.43653852 0.3438281 0.31265625 0.026526432 0.3125 0.43656063 0.34390622 0.31265625
0 -0.3125 0.0625 0.43765622 1.5625E-4 0.026526432 -0.3125 0.43656063 0.34390622 1.5625E-4 0.026526432 0.3125 0.43656063 0.34390622 0.31265625 0 0.3125 0.0625 0.43765622 0.31265625
0.1752888 -0.25 0.29137543 0.4532031 0.3125 0.062051933 -0.25 1.1323686E-4 0.3750781 0.3125 0.062343195 -0.25 0 0.3750781 0.31265625 0.17558005 -0.25 0.29126218 0.4532031 0.31265625
0.17558005 0.25 0.29126218 0.5313281 0.31265625 0.062343195 0.25 0 0.4532031 0.31265625 0.062051933 0.25 1.1323686E-4 0.4532031 0.3125 0.1752888 0.25 0.29137543 0.5313281 0.3125
0.062343195 -0.25 0 0.3750781 0.31265625 0.062051933 -0.25 1.1323686E-4 0.375 0.31265625 0.062051933 0.25 1.1323686E-4 0.375 0.5626563 0.062343195 0.25 0 0.3750781 0.5626563
0.17558005 -0.25 0.29126218 0.4532031 0.31265625 0.062343195 -0.25 0 0.3750781 0.31265625 0.062343195 0.25 0 0.3750781 0.5626563 0.17558005 0.25 0.29126218 0.4532031 0.5626563
0.1752888 -0.25 0.29137543 0.45328122 0.31265625 0.17558005 -0.25 0.29126218 0.4532031 0.31265625 0.17558005 0.25 0.29126218 0.4532031 0.5626563 0.1752888 0.25 0.29137543 0.45328122 0.5626563
0.062051933 -0.25 1.1323686E-4 0.5314062 0.31265625 0.1752888 -0.25 0.29137543 0.45328122 0.31265625 0.1752888 0.25 0.29137543 0.45328122 0.5626563 0.062051933 0.25 1.1323686E-4 0.5314062 0.5626563
3.1249996E-4 -0.31249997 -0.062499996 0.21882813 0 3.1249996E-4 -0.31249997 0.062499996 0.18757813 0 0 -0.31249997 0.062499996 0.18757813 1.5625E-4 0 -0.31249997 -0.062499996 0.21882813 1.5625E-4
0 0.31249997 -0.062499996 0.25007814 1.5625E-4 0 0.31249997 0.062499996 0.21882813 1.5625E-4 3.1249996E-4 0.31249997 0.062499996 0.21882813 0 3.1249996E-4 0.31249997 -0.062499996 0.25007814 0
0 -0.31249997 0.062499996 0.18757813 1.5625E-4 3.1249996E-4 -0.31249997 0.062499996 0.1875 1.5625E-4 3.1249996E-4 0.31249997 0.062499996 0.1875 0.31265625 0 0.31249997 0.062499996 0.18757813 0.31265625
0 -0.31249997 -0.062499996 0.21882813 1.5625E-4 0 -0.31249997 0.062499996 0.18757813 1.5625E-4 0 0.31249997 0.062499996 0.18757813 0.31265625 0 0.31249997 -0.062499996 0.21882813 0.31265625
3.1249996E-4 -0.31249997 -0.062499996 0.21890625 1.5625E-4 0 -0.31249997 -0.062499996 0.21882813 1.5625E-4 0 0.31249997 -0.062499996 0.21882813 0.31265625 3.1249996E-4 0.31249997 -0.062499996 0.21890625 0.31265625
3.1249996E-4 -0.31249997 0.062499996 0.25015625 1.5625E-4 3.1249996E-4 -0.31249997 -0.062499996 0.21890625 1.5625E-4 3.1249996E-4 0.31249997 -0.062499996 0.21890625 0.31265625 3.1249996E-4 0.31249997 0.062499996 0.25015625 0.31265625
0.17587125 -0.25 -0.291149 0.4532031 0.3125 0.06263446 -0.25 1.1323679E-4 0.3750781 0.3125 0.062343195 -0.25 0 0.3750781 0.31265625 0.17558 -0.25 -0.29126224 0.4532031 0.31265625
0.17558 0.25 -0.29126224 0.5313281 0.31265625 0.062343195 0.25 0 0.4532031 0.31265625 0.06263446 0.25 1.1323679E-4 0.4532031 0.3125 0.17587125 0.25 -0.291149 0.5313281 0.3125
0.062343195 -0.25 0 0.3750781 0.31265625 0.06263446 -0.25 1.1323679E-4 0.375 0.31265625 0.06263446 0.25 1.1323679E-4 0.375 0.5626563 0.062343195 0.25 0 0.3750781 0.5626563
0.17558 -0.25 -0.29126224 0.4532031 0.31265625 0.062343195 -0.25 0 0.3750781 0.31265625 0.062343195 0.25 0 0.3750781 0.5626563 0.17558 0.25 -0.29126224 0.4532031 0.5626563
0.17587125 -0.25 -0.291149 0.45328122 0.31265625 0.17558 -0.25 -0.29126224 0.4532031 0.31265625 0.17558 0.25 -0.29126224 0.4532031 0.5626563 0.17587125 0.25 -0.291149 0.45328122 0.5626563
0.06263446 -0.25 1.1323679E-4 0.5314062 0.31265625 0.17587125 -0.25 -0.291149 0.45328122 0.31265625 0.17587125 0.25 -0.291149 0.45328122 0.5626563 0.06263446 0.25 1.1323679E-4 0.5314062 0.5626563
0 -0.3125 -0.0625 0.09382813 0 0.026526298 -0.3125 -0.43656063 7.8125E-5 0 0.026838016 -0.3125 -0.43653852 7.8125E-5 1.5625E-4 3.117172E-4 -0.3125 -0.062477894 0.09382813 1.5625E-4
3.117172E-4 0.3125 -0.062477894 0.18757813 1.5625E-4 0.026838016 0.3125 -0.43653852 0.09382813 1.5625E-4 0.026526298 0.3125 -0.43656063 0.09382813 0 0 0.3125 -0.0625 0.18757813 0
0.026838016 -0.3125 -0.43653852 7.8125E-5 1.5625E-4 0.026526298 -0.3125 -0.43656063 0 1.5625E-4 0.026526298 0.3125 -0.43656063 0 0.31265625 0.026838016 0.3125 -0.43653852 7.8125E-5 0.31265625
3.117172E-4 -0.3125 -0.062477894 0.09382813 1.5625E-4 0.026838016 -0.3125 -0.43653852 7.8125E-5 1.5625E-4 0.026838016 0.3125 -0.43653852 7.8125E-5 0.31265625 3.117172E-4 0.3125 -0.062477894 0.09382813 0.31265625
0 -0.3125 -0.0625 0.09390625 1.5625E-4 3.117172E-4 -0.3125 -0.062477894 0.09382813 1.5625E-4 3.117172E-4 0.3125 -0.062477894 0.09382813 0.31265625 0 0.3125 -0.0625 0.09390625 0.31265625
0.026526298 -0.3125 -0.43656063 0.18765625 1.5625E-4 0 -0.3125 -0.0625 0.09390625 1.5625E-4 0 0.3125 -0.0625 0.09390625 0.31265625 0.026526298 0.3125 -0.43656063 0.18765625 0.31265625
form 15 12
0.6875 0.375 0.6875 0.375 0 0.3125 0.375 0.6875 0.1875 0 0.3125 0.375 0.3125 0.1875 0.1875 0.6875 0.375 0.3125 0.375 0.1875
0.6875 0.8125 0.3125 0.5625 0.1875 0.3125 0.8125 0.3125 0.375 0.1875 0.3125 0.8125 0.6875 0.375 0 0.6875 0.8125 0.6875 0.5625 0
0.3125 0.375 0.3125 0.1875 0.1875 0.3125 0.375 0.6875 0 0.1875 0.3125 0.8125 0.6875 0 0.40625 0.3125 0.8125 0.3125 0.1875 0.40625
0.6875 0.375 0.3125 0.375 0.1875 0.3125 0.375 0.3125 0.1875 0.1875 0.3125 0.8125 0.3125 0.1875 0.40625 0.6875 0.8125 0.3125 0.375 0.40625
0.6875 0.375 0.6875 0.5625 0.1875 0.6875 0.375 0.3125 0.375 0.1875 0.6875 0.8125 0.3125 0.375 0.40625 0.6875 0.8125 0.6875 0.5625 0.40625
0.3125 0.375 0.6875 0.75 0.1875 0.6875 0.375 0.6875 0.5625 0.1875 0.6875 0.8125 0.6875 0.5625 0.40625 0.3125 0.8125 0.6875 0.75 0.40625
0.75 0.25 0.75 0.5 0.40625 0.25 0.25 0.75 0.25 0.40625 0.25 0.25 0.25 0.25 0.65625 0.75 0.25 0.25 0.5 0.65625
0.75 0.375 0.25 0.75 0.65625 0.25 0.375 0.25 0.5 0.65625 0.25 0.375 0.75 0.5 0.40625 0.75 0.375 0.75 0.75 0.40625
0.25 0.25 0.25 0.25 0.65625 0.25 0.25 0.75 0 0.65625 0.25 0.375 0.75 0 0.71875 0.25 0.375 0.25 0.25 0.71875
0.75 0.25 0.25 0.5 0.65625 0.25 0.25 0.25 0.25 0.65625 0.25 0.375 0.25 0.25 0.71875 0.75 0.375 0.25 0.5 0.71875
0.75 0.25 0.75 0.75 0.65625 0.75 0.25 0.25 0.5 0.65625 0.75 0.375 0.25 0.5 0.71875 0.75 0.375 0.75 0.75 0.71875
0.25 0.25 0.75 1 0.65625 0.75 0.25 0.75 0.75 0.65625 0.75 0.375 0.75 0.75 0.71875 0.25 0.375 0.75 1 0.71875
form 16 54
-0.25 0.3125 0.125 0.375 0.421875 0 0.3125 0.125 0.3125 0.421875 0 0.3125 -0.125 0.3125 0.484375 -0.25 0.3125 -0.125 0.375 0.484375
-0.25 0 -0.125 0.4375 0.484375 0 0 -0.125 0.375 0.484375 0 0 0.125 0.375 0.421875 -0.25 0 0.125 0.4375 0.421875
0 0.3125 -0.125 0.3125 0.484375 0 0.3125 0.125 0.25 0.484375 0 0 0.125 0.25 0.5625 0 0 -0.125 0.3125 0.5625
-0.25 0.3125 -0.125 0.375 0.484375 0 0.3125 -0.125 0.3125 0.484375 0 0 -0.125 0.3125 0.5625 -0.25 0 -0.125 0.375 0.5625
-0.25 0.3125 0.125 0.4375 0.484375 -0.25 0.3125 -0.125 0.375 0.484375 -0.25 0 -0.125 0.375 0.5625 -0.25 0 0.125 0.4375 0.5625
0 0.3125 0.125 0.5 0.484375 -0.25 0.3125 0.125 0.4375 0.484375 -0.25 0 0.125 0.4375 0.5625 0 0 0.125 0.5 0.5625
0 0.3125 0.125 0.125 0.421875 0.25 0.3125 0.125 0.0625 0.421875 0.25 0.3125 -0.125 0.0625 0.484375 0 0.3125 -0.125 0.125 0.484375
0 0 -0.125 0.1875 0.484375 0.25 0 -0.125 0.125 0.484375 0.25 0 0.125 0.125 0.421875 0 0 0.125 0.1875 0.421875
0.25 0.3125 -0.125 0.0625 0.484375 0.25 0.3125 0.125 0 0.484375 0.25 0 0.125 0 0.5625 0.25 0 -0.125 0.0625 0.5625
0 0.3125 -0.125 0.125 0.484375 0.25 0.3125 -0.125 0.0625 0.484375 0.25 0 -0.125 0.0625 0.5625 0 0 -0.125 0.125 0.5625
0 0.3125 0.125 0.1875 0.484375 0 0.3125 -0.125 0.125 0.484375 0 0 -0.125 0.125 0.5625 0 0 0.125 0.1875 0.5625
0.25 0.3125 0.125 0.25 0.484375 0 0.3125 0.125 0.1875 0.484375 0 0 0.125 0.1875 0.5625 0.25 0 0.125 0.25 0.5625
-0.25 0.6875 0.1875 0.21875 0.234375 0.25 0.6875 0.1875 0.09375 0.234375 0.25 0.6875 -0.1875 0.09375 0.328125 -0.25 0.6875 -0.1875 0.21875 0.328125
-0.25 0.3125 -0.1875 0.34375 0.328125 0.25 0.3125 -0.1875 0.21875 0.328125 0.25 0.3125 0.1875 0.21875 0.234375 -0.25 0.3125 0.1875 0.34375 0.234375
0.25 0.6875 -0.1875 0.09375 0.328125 0.25 0.6875 0.1875 0 0.328125 0.25 0.3125 0.1875 0 0.421875 0.25 0.3125 -0.1875 0.09375 0.421875
-0.25 0.6875 -0.1875 0.21875 0.328125 0.25 0.6875 -0.1875 0.09375 0.328125 0.25 0.3125 -0.1875 0.09375 0.421875 -0.25 0.3125 -0.1875 0.21875 0.421875
-0.25 0.6875 0.1875 0.3125 0.328125 -0.25 0.6875 -0.1875 0.21875 0.328125 -0.25 0.3125 -0.1875 0.21875 0.421875 -0.25 0.3125 0.1875 0.3125 0.421875
0.25 0.6875 0.1875 0.4375 0.328125 -0.25 0.6875 0.1875 0.3125 0.328125 -0.25 0.3125 0.1875 0.3125 0.421875 0.25 0.3125 0.1875 0.4375 0.421875
-0.2509375 1.0009375 0.3134375 0.28125 0 0.2509375 1.0009375 0.3134375 0.15625 0 0.2509375 1.0009375 -0.3134375 0.15625 0.15625 -0.2509375 1.0009375 -0.3134375 0.28125 0.15625
-0.2509375 0.6865625 -0.3134375 0.40625 0.15625 0.2509375 0.6865625 -0.3134375 0.28125 0.15625 0.2509375 0.6865625 0.3134375 0.28125 0 -0.2509375 0.6865625 0.3134375 0.40625 0
0.2509375 1.0009375 -0.3134375 0.15625 0.15625 0.2509375 1.0009375 0.3134375 0 0.15625 0.2509375 0.6865625 0.3134375 0 0.234375 0.2509375 0.6865625 -0.3134375 0.15625 0.234375
-0.2509375 1.0009375 -0.3134375 0.28125 0.15625 0.2509375 1.0009375 -0.3134375 0.15625 0.15625 0.2509375 0.6865625 -0.3134375 0.15625 0.234375 -0.2509375 0.6865625 -0.3134375 0.28125 0.234375
-0.2509375 1.0009375 0.3134375 0.4375 0.15625 -0.2509375 1.0009375 -0.3134375 0.28125 0.15625 -0.2509375 0.6865625 -0.3134375 0.28125 0.234375 -0.2509375 0.6865625 0.3134375 0.4375 0.234375
0.2509375 1.0009375 0.3134375 0.5625 0.15625 -0.2509375 1.0009375 0.3134375 0.4375 0.15625 -0.2509375 0.6865625 0.3134375 0.4375 0.234375 0.2509375 0.6865625 0.3134375 0.5625 0.234375
-0.0625 0.8125 -0.25 0.9375 0 0.0625 0.8125 -0.25 0.90625 0 0.0625 0.8125 -0.375 0.90625 0.03125 -0.0625 0.8125 -0.375 0.9375 0.03125
-0.0625 0.625 -0.375 0.96875 0.03125 0.0625 0.625 -0.375 0.9375 0.03125 0.0625 0.625 -0.25 0.9375 0 -0.0625 0.625 -0.25 0.96875 0
0.0625 0.8125 -0.375 0.90625 0.03125 0.0625 0.8125 -0.25 0.875 0.03125 0.0625 0.625 -0.25 0.875 0.078125 0.0625 0.625 -0.375 0.90625 0.078125
-0.0625 0.8125 -0.375 0.9375 0.03125 0.0625 0.8125 -0.375 0.90625 0.03125 0.0625 0.625 -0.375 0.90625 0.078125 -0.0625 0.625 -0.375 0.9375 0.078125
-0.0625 0.8125 -0.25 0.96875 0.03125 -0.0625 0.8125 -0.375 0.9375 0.03125 -0.0625 0.625 -0.375 0.9375 0.078125 -0.0625 0.625 -0.25 0.96875 0.078125
0.0625 0.8125 -0.25 1 0.03125 -0.0625 0.8125 -0.25 0.96875 0.03125 -0.0625 0.625 -0.25 0.96875 0.078125 0.0625 0.625 -0.25 1 0.078125
-0.0615625 1.2490625 0.0615625 0.640625 0.125 0.0615625 1.2490625 0.0615625 0.609375 0.125 0.0615625 1.2490625 -0.0615625 0.609375 0.15625 -0.0615625 1.2490625 -0.0615625 0.640625 0.15625
-0.0615625 1.0009375 -0.0615625 0.671875 0.15625 0.0615625 1.0009375 -0.0615625 0.640625 0.15625 0.0615625 1.0009375 0.0615625 0.640625 0.125 -0.0615625 1.0009375 0.0615625 0.671875 0.125
0.0615625 1.2490625 -0.0615625 0.609375 0.15625 0.0615625 1.2490625 0.0615625 0.578125 0.15625 0.0615625 1.0009375 0.0615625 0.578125 0.21875 0.0615625 1.0009375 -0.0615625 0.609375 0.21875
-0.0615625 1.2490625 -0.0615625 0.640625 0.15625 0.0615625 1.2490625 -0.0615625 0.609375 0.15625 0.0615625 1.0009375 -0.0615625 0.609375 0.21875 -0.0615625 1.0009375 -0.0615625 0.640625 0.21875
-0.0615625 1.2490625 0.0615625 0.671875 0.15625 -0.0615625 1.2490625 -0.0615625 0.640625 0.15625 -0.0615625 1.0009375 -0.0615625 0.640625 0.21875 -0.0615625 1.0009375 0.0615625 0.671875 0.21875
0.0615625 1.2490625 0.0615625 0.703125 0.15625 -0.0615625 1.2490625 0.0615625 0.671875 0.15625 -0.0615625 1.0009375 0.0615625 0.671875 0.21875 0.0615625 1.0009375 0.0615625 0.703125 0.21875
-0.1240625 1.4990625 0.1240625 0.703125 0 0.1240625 1.4990625 0.1240625 0.640625 0 0.1240625 1.4990625 -0.1240625 0.640625 0.0625 -0.1240625 1.4990625 -0.1240625 0.703125 0.0625
-0.1240625 1.2509375 -0.1240625 0.765625 0.0625 0.1240625 1.2509375 -0.1240625 0.703125 0.0625 0.1240625 1.2509375 0.1240625 0.703125 0 -0.1240625 1.2509375 0.1240625 0.765625 0
0.1240625 1.4990625 -0.1240625 0.640625 0.0625 0.1240625 1.4990625 0.1240625 0.578125 0.0625 0.1240625 1.2509375 0.1240625 0.578125 0.125 0.1240625 1.2509375 -0.1240625 0.640625 0.125
-0.1240625 1.4990625 -0.1240625 0.703125 0.0625 0.1240625 1.4990625 -0.1240625 0.640625 0.0625 0.1240625 1.2509375 -0.1240625 0.640625 0.125 -0.1240625 1.2509375 -0.1240625 0.703125 0.125
-0.1240625 1.4990625 0.1240625 0.765625 0.0625 -0.1240625 1.4990625 -0.1240625 0.703125 0.0625 -0.1240625 1.2509375 -0.1240625 0.703125 0.125 -0.1240625 1.2509375 0.1240625 0.765625 0.125
0.1240625 1.4990625 0.1240625 0.828125 0.0625 -0.1240625 1.4990625 0.1240625 0.765625 0.0625 -0.1240625 1.2509375 0.1240625 0.765625 0.125 0.1240625 1.2509375 0.1240625 0.828125 0.125
0.25 0.75 0.125 0.671875 0.25 0.4375 0.75 0.125 0.625 0.25 0.4375 0.75 -0.125 0.625 0.3125 0.25 0.75 -0.125 0.671875 0.3125
0.25 0.125 -0.125 0.71875 0.3125 0.4375 0.125 -0.125 0.671875 0.3125 0.4375 0.125 0.125 0.671875 0.25 0.25 0.125 0.125 0.71875 0.25
0.4375 0.75 -0.125 0.625 0.3125 0.4375 0.75 0.125 0.5625 0.3125 0.4375 0.125 0.125 0.5625 0.46875 0.4375 0.125 -0.125 0.625 0.46875
0.25 0.75 -0.125 0.671875 0.3125 0.4375 0.75 -0.125 0.625 0.3125 0.4375 0.125 -0.125 0.625 0.46875 0.25 0.125 -0.125 0.671875 0.46875
0.25 0.75 0.125 0.734375 0.3125 0.25 0.75 -0.125 0.671875 0.3125 0.25 0.125 -0.125 0.671875 0.46875 0.25 0.125 0.125 0.734375 0.46875
0.4375 0.75 0.125 0.78125 0.3125 0.25 0.75 0.125 0.734375 0.3125 0.25 0.125 0.125 0.734375 0.46875 0.4375 0.125 0.125 0.78125 0.46875
-0.4375 0.75 0.125 0.890625 0.25 -0.25 0.75 0.125 0.84375 0.25 -0.25 0.75 -0.125 0.84375 0.3125 -0.4375 0.75 -0.125 0.890625 0.3125
-0.4375 0.125 -0.125 0.9375 0.3125 -0.25 0.125 -0.125 0.890625 0.3125 -0.25 0.125 0.125 0.890625 0.25 -0.4375 0.125 0.125 0.9375 0.25
-0.25 0.75 -0.125 0.84375 0.3125 -0.25 0.75 0.125 0.78125 0.3125 -0.25 0.125 0.125 0.78125 0.46875 -0.25 0.125 -0.125 0.84375 0.46875
-0.4375 0.75 -0.125 0.890625 0.3125 -0.25 0.75 -0.125 0.84375 0.3125 -0.25 0.125 -0.125 0.84375 0.46875 -0.4375 0.125 -0.125 0.890625 0.46875
-0.4375 0.75 0.125 0.953125 0.3125 -0.4375 0.75 -0.125 0.890625 0.3125 -0.4375 0.125 -0.125 0.890625 0.46875 -0.4375 0.125 0.125 0.953125 0.46875
-0.25 0.75 0.125 1 0.3125 -0.4375 0.75 0.125 0.953125 0.3125 -0.4375 0.125 0.125 0.953125 0.46875 -0.25 0.125 0.125 1 0.46875
form 17 66
-0.253125 2.4191104E-7 -0.12343843 0.375 0.421875 -0.003124997 2.4191104E-7 -0.12343843 0.3125 0.421875 -0.003124997 0.25000024 -0.123437494 0.3125 0.484375 -0.253125 0.25000024 -0.123437494 0.375 0.484375
-0.253125 0.2500014 -0.43593746 0.4375 0.484375 -0.003124997 0.2500014 -0.43593746 0.375 0.484375 -0.003124997 1.4060643E-6 -0.4359384 0.375 0.421875 -0.253125 1.4060643E-6 -0.4359384 0.4375 0.421875
-0.003124997 0.25000024 -0.123437494 0.3125 0.484375 -0.003124997 2.4191104E-7 -0.12343843 0.25 0.484375 -0.003124997 1.4060643E-6 -0.4359384 0.25 0.5625 -0.003124997 0.2500014 -0.43593746 0.3125 0.5625
-0.253125 0.25000024 -0.123437494 0.375 0.484375 -0.003124997 0.25000024 -0.123437494 0.3125 0.484375 -0.003124997 0.2500014 -0.43593746 0.3125 0.5625 -0.253125 0.2500014 -0.43593746 0.375 0.5625
-0.253125 2.4191104E-7 -0.12343843 0.4375 0.484375 -0.253125 0.25000024 -0.123437494 0.375 0.484375 -0.253125 0.2500014 -0.43593746 0.375 0.5625 -0.253125 1.4060643E-6 -0.4359384 0.4375 0.5625
-0.003124997 2.4191104E-7 -0.12343843 0.5 0.484375 -0.253125 2.4191104E-7 -0.12343843 0.4375 0.484375 -0.253125 1.4060643E-6 -0.4359384 0.4375 0.5625 -0.003124997 1.4060643E-6 -0.4359384 0.5 0.5625
0.003124997 2.4191104E-7 -0.12343843 0.125 0.421875 0.253125 2.4191104E-7 -0.12343843 0.0625 0.421875 0.253125 0.25000024 -0.123437494 0.0625 0.484375 0.003124997 0.25000024 -0.123437494 0.125 0.484375
0.003124997 0.2500014 -0.43593746 0.1875 0.484375 0.253125 0.2500014 -0.43593746 0.125 0.484375 0.253125 1.4060643E-6 -0.4359384 0.125 0.421875 0.003124997 1.4060643E-6 -0.4359384 0.1875 0.421875
0.253125 0.25000024 -0.123437494 0.0625 0.484375 0.253125 2.4191104E-7 -0.12343843 0 0.484375 0.253125 1.4060643E-6 -0.4359384 0 0.5625 0.253125 0.2500014 -0.43593746 0.0625 0.5625
0.003124997 0.25000024 -0.123437494 0.125 0.484375 0.253125 0.25000024 -0.123437494 0.0625 0.484375 0.253125 0.2500014 -0.43593746 0.0625 0.5625 0.003124997 0.2500014 -0.43593746 0.125 0.5625
0.003124997 2.4191104E-7 -0.12343843 0.1875 0.484375 0.003124997 0.25000024 -0.123437494 0.125 0.484375 0.003124997 0.2500014 -0.43593746 0.125 0.5625 0.003124997 1.4060643E-6 -0.4359384 0.1875 0.5625
0.253125 2.4191104E-7 -0.12343843 0.25 0.484375 0.003124997 2.4191104E-7 -0.12343843 0.1875 0.484375 0.003124997 1.4060643E-6 -0.4359384 0.1875 0.5625 0.253125 1.4060643E-6 -0.4359384 0.25 0.5625
-0.1875 0.4375 0.2375 0.234375 0.296875 0.1875 0.4375 0.2375 0.140625 0.296875 0.1875 0.4375 -0.1375 0.140625 0.390625 -0.1875 0.4375 -0.1375 0.234375 0.390625
-0.1875 0.375 -0.1375 0.328125 0.390625 0.1875 0.375 -0.1375 0.234375 0.390625 0.1875 0.375 0.2375 0.234375 0.296875 -0.1875 0.375 0.2375 0.328125 0.296875
0.1875 0.4375 -0.1375 0.140625 0.390625 0.1875 0.4375 0.2375 0.046875 0.390625 0.1875 0.375 0.2375 0.046875 0.40625 0.1875 0.375 -0.1375 0.140625 0.40625
-0.1875 0.4375 -0.1375 0.234375 0.390625 0.1875 0.4375 -0.1375 0.140625 0.390625 0.1875 0.375 -0.1375 0.140625 0.40625 -0.1875 0.375 -0.1375 0.234375 0.40625
-0.1875 0.4375 0.2375 0.328125 0.390625 -0.1875 0.4375 -0.1375 0.234375 0.390625 -0.1875 0.375 -0.1375 0.234375 0.40625 -0.1875 0.375 0.2375 0.328125 0.40625
0.1875 0.4375 0.2375 0.421875 0.390625 -0.1875 0.4375 0.2375 0.328125 0.390625 -0.1875 0.375 0.2375 0.328125 0.40625 0.1875 0.375 0.2375 0.421875 0.40625
-0.25 0.375 0.3 0.21875 0.234375 0.25 0.375 0.3 0.09375 0.234375 0.25 0.375 -0.075 0.09375 0.328125 -0.25 0.375 -0.075 0.21875 0.328125
-0.25 0 -0.075 0.34375 0.328125 0.25 0 -0.075 0.21875 0.328125 0.25 0 0.3 0.21875 0.234375 -0.25 0 0.3 0.34375 0.234375
0.25 0.375 -0.075 0.09375 0.328125 0.25 0.375 0.3 0 0.328125 0.25 0 0.3 0 0.421875 0.25 0 -0.075 0.09375 0.421875
-0.25 0.375 -0.075 0.21875 0.328125 0.25 0.375 -0.075 0.09375 0.328125 0.25 0 -0.075 0.09375 0.421875 -0.25 0 -0.075 0.21875 0.421875
-0.25 0.375 0.3 0.3125 0.328125 -0.25 0.375 -0.075 0.21875 0.328125 -0.25 0 -0.075 0.21875 0.421875 -0.25 0 0.3 0.3125 0.421875
0.25 0.375 0.3 0.4375 0.328125 -0.25 0.375 0.3 0.3125 0.328125 -0.25 0 0.3 0.3125 0.421875 0.25 0 0.3 0.4375 0.421875
-0.0615625 0.99906254 0.050625004 0.640625 0.125 0.0615625 0.99906254 0.050625004 0.609375 0.125 0.0615625 0.99906254 -0.07249999 0.609375 0.15625 -0.0615625 0.99906254 -0.07249999 0.640625 0.15625
-0.0615625 0.7509375 -0.07249999 0.671875 0.15625 0.0615625 0.7509375 -0.07249999 0.640625 0.15625 0.0615625 0.7509375 0.050625004 0.640625 0.125 -0.0615625 0.7509375 0.050625004 0.671875 0.125
0.0615625 0.99906254 -0.07249999 0.609375 0.15625 0.0615625 0.99906254 0.050625004 0.578125 0.15625 0.0615625 0.7509375 0.050625004 0.578125 0.21875 0.0615625 0.7509375 -0.07249999 0.609375 0.21875
-0.0615625 0.99906254 -0.07249999 0.640625 0.15625 0.0615625 0.99906254 -0.07249999 0.609375 0.15625 0.0615625 0.7509375 -0.07249999 0.609375 0.21875 -0.0615625 0.7509375 -0.07249999 0.640625 0.21875
-0.0615625 0.99906254 0.050625004 0.671875 0.15625 -0.0615625 0.99906254 -0.07249999 0.640625 0.15625 -0.0615625 0.7509375 -0.07249999 0.640625 0.21875 -0.0615625 0.7509375 0.050625004 0.671875 0.21875
0.0615625 0.99906254 0.050625004 0.703125 0.15625 -0.0615625 0.99906254 0.050625004 0.671875 0.15625 -0.0615625 0.7509375 0.050625004 0.671875 0.21875 0.0615625 0.7509375 0.050625004 0.703125 0.21875
-0.1240625 1.2490625 0.11312499 0.703125 0 0.1240625 1.2490625 0.11312499 0.640625 0 0.1240625 1.2490625 -0.13500002 0.640625 0.0625 -0.1240625 1.2490625 -0.13500002 0.703125 0.0625
-0.1240625 1.0009375 -0.13500002 0.765625 0.0625 0.1240625 1.0009375 -0.13500002 0.703125 0.0625 0.1240625 1.0009375 0.11312499 0.703125 0 -0.1240625 1.0009375 0.11312499 0.765625 0
0.1240625 1.2490625 -0.13500002 0.640625 0.0625 0.1240625 1.2490625 0.11312499 0.578125 0.0625 0.1240625 1.0009375 0.11312499 0.578125 0.125 0.1240625 1.0009375 -0.13500002 0.640625 0.125
-0.1240625 1.2490625 -0.13500002 0.703125 0.0625 0.1240625 1.2490625 -0.13500002 0.640625 0.0625 0.1240625 1.0009375 -0.13500002 0.640625 0.125 -0.1240625 1.0009375 -0.13500002 0.703125 0.125
-0.1240625 1.2490625 0.11312499 0.765625 0.0625 -0.1240625 1.2490625 -0.13500002 0.703125 0.0625 -0.1240625 1.0009375 -0.13500002 0.703125 0.125 -0.1240625 1.0009375 0.11312499 0.765625 0.125
0.1240625 1.2490625 0.11312499 0.828125 0.0625 -0.1240625 1.2490625 0.11312499 0.765625 0.0625 -0.1240625 1.0009375 0.11312499 0.765625 0.125 0.1240625 1.0009375 0.11312499 0.828125 0.125
-0.25 0.75 0.3 0.28125 0 0.25 0.75 0.3 0.15625 0 0.25 0.75 -0.325 0.15625 0.15625 -0.25 0.75 -0.325 0.28125 0.15625
-0.25 0.4375 -0.325 0.40625 0.15625 0.25 0.4375 -0.325 0.28125 0.15625 0.25 0.4375 0.3 0.28125 0 -0.25 0.4375 0.3 0.40625 0
0.25 0.75 -0.325 0.15625 0.15625 0.25 0.75 0.3 0 0.15625 0.25 0.4375 0.3 0 0.234375 0.25 0.4375 -0.325 0.15625 0.234375
-0.25 0.75 -0.325 0.28125 0.15625 0.25 0.75 -0.325 0.15625 0.15625 0.25 0.4375 -0.325 0.15625 0.234375 -0.25 0.4375 -0.325 0.28125 0.234375
-0.25 0.75 0.3 0.4375 0.15625 -0.25 0.75 -0.325 0.28125 0.15625 -0.25 0.4375 -0.325 0.28125 0.234375 -0.25 0.4375 0.3 0.4375 0.234375
0.25 0.75 0.3 0.5625 0.15625 -0.25 0.75 0.3 0.4375 0.15625 -0.25 0.4375 0.3 0.4375 0.234375 0.25 0.4375 0.3 0.5625 0.234375
-0.0625 0.5625 -0.2625 0.9375 0 0.0625 0.5625 -0.2625 0.90625 0 0.0625 0.5625 -0.3875 0.90625 0.03125 -0.0625 0.5625 -0.3875 0.9375 0.03125
-0.0625 0.375 -0.3875 0.96875 0.03125 0.0625 0.375 -0.3875 0.9375 0.03125 0.0625 0.375 -0.2625 0.9375 0 -0.0625 0.375 -0.2625 0.96875 0
0.0625 0.5625 -0.3875 0.90625 0.03125 0.0625 0.5625 -0.2625 0.875 0.03125 0.0625 0.375 -0.2625 0.875 0.078125 0.0625 0.375 -0.3875 0.90625 0.078125
-0.0625 0.5625 -0.3875 0.9375 0.03125 0.0625 0.5625 -0.3875 0.90625 0.03125 0.0625 0.375 -0.3875 0.90625 0.078125 -0.0625 0.375 -0.3875 0.9375 0.078125
-0.0625 0.5625 -0.2625 0.96875 0.03125 -0.0625 0.5625 -0.3875 0.9375 0.03125 -0.0625 0.375 -0.3875 0.9375 0.078125 -0.0625 0.375 -0.2625 0.96875 0.078125
0.0625 0.5625 -0.2625 1 0.03125 -0.0625 0.5625 -0.2625 0.96875 0.03125 -0.0625 0.375 -0.2625 0.96875 0.078125 0.0625 0.375 -0.2625 1 0.078125
0.2546875 0.51361203 0.17941584 0.671875 0.25 0.4421875 0.51361203 0.17941584 0.625 0.25 0.4421875 0.6570133 -0.025367182 0.625 0.3125 0.2546875 0.6570133 -0.025367182 0.671875 0.3125
0.2546875 0.14505574 -0.38387027 0.71875 0.3125 0.4421875 0.14505574 -0.38387027 0.671875 0.3125 0.4421875 0.0016545057 -0.17908725 0.671875 0.25 0.2546875 0.0016545057 -0.17908725 0.71875 0.25
0.4421875 0.6570133 -0.025367182 0.625 0.3125 0.4421875 0.51361203 0.17941584 0.5625 0.3125 0.4421875 0.0016545057 -0.17908725 0.5625 0.46875 0.4421875 0.14505574 -0.38387027 0.625 0.46875
0.2546875 0.6570133 -0.025367182 0.671875 0.3125 0.4421875 0.6570133 -0.025367182 0.625 0.3125 0.4421875 0.14505574 -0.38387027 0.625 0.46875 0.2546875 0.14505574 -0.38387027 0.671875 0.46875
0.2546875 0.51361203 0.17941584 0.734375 0.3125 0.2546875 0.6570133 -0.025367182 0.671875 0.3125 0.2546875 0.14505574 -0.38387027 0.671875 0.46875 0.2546875 0.0016545057 -0.17908725 0.734375 0.46875
0.4421875 0.51361203 0.17941584 0.78125 0.3125 0.2546875 0.51361203 0.17941584 0.734375 0.3125 0.2546875 0.0016545057 -0.17908725 0.734375 0.46875 0.4421875 0.0016545057 -0.17908725 0.78125 0.46875
-0.4421875 0.51361823 0.17941087 0.890625 0.25 -0.2546875 0.51361823 0.17941087 0.84375 0.25 -0.2546875 0.6570195 -0.02537214 0.84375 0.3125 -0.4421875 0.6570195 -0.02537214 0.890625 0.3125
-0.4421875 0.14506197 -0.38387525 0.9375 0.3125 -0.2546875 0.14506197 -0.38387525 0.890625 0.3125 -0.2546875 0.0016607046 -0.17909223 0.890625 0.25 -0.4421875 0.0016607046 -0.17909223 0.9375 0.25
-0.2546875 0.6570195 -0.02537214 0.84375 0.3125 -0.2546875 0.51361823 0.17941087 0.78125 0.3125 -0.2546875 0.0016607046 -0.17909223 0.78125 0.46875 -0.2546875 0.14506197 -0.38387525 0.84375 0.46875
-0.4421875 0.6570195 -0.02537214 0.890625 0.3125 -0.2546875 0.6570195 -0.02537214 0.84375 0.3125 -0.2546875 0.14506197 -0.38387525 0.84375 0.46875 -0.4421875 0.14506197 -0.38387525 0.890625 0.46875
-0.4421875 0.51361823 0.17941087 0.953125 0.3125 -0.4421875 0.6570195 -0.02537214 0.890625 0.3125 -0.4421875 0.14506197 -0.38387525 0.890625 0.46875 -0.4421875 0.0016607046 -0.17909223 0.953125 0.46875
-0.2546875 0.51361823 0.17941087 1 0.3125 -0.4421875 0.51361823 0.17941087 0.953125 0.3125 -0.4421875 0.0016607046 -0.17909223 0.953125 0.46875 -0.2546875 0.0016607046 -0.17909223 1 0.46875
0.25 0.0625 -0.07499999 0.21875 0.28125 -0.25 0.0625 -0.07499999 0.09375 0.28125 -0.25 0.0625 -0.2625 0.09375 0.328125 0.25 0.0625 -0.2625 0.21875 0.328125
0.25 0.4375 -0.2625 0.34375 0.328125 -0.25 0.4375 -0.2625 0.21875 0.328125 -0.25 0.4375 -0.07499999 0.21875 0.28125 0.25 0.4375 -0.07499999 0.34375 0.28125
-0.25 0.0625 -0.2625 0.09375 0.328125 -0.25 0.0625 -0.07499999 0.046875 0.328125 -0.25 0.4375 -0.07499999 0.046875 0.421875 -0.25 0.4375 -0.2625 0.09375 0.421875
0.25 0.0625 -0.2625 0.21875 0.328125 -0.25 0.0625 -0.2625 0.09375 0.328125 -0.25 0.4375 -0.2625 0.09375 0.421875 0.25 0.4375 -0.2625 0.21875 0.421875
0.25 0.0625 -0.07499999 0.265625 0.328125 0.25 0.0625 -0.2625 0.21875 0.328125 0.25 0.4375 -0.2625 0.21875 0.421875 0.25 0.4375 -0.07499999 0.265625 0.421875
-0.25 0.0625 -0.07499999 0.390625 0.328125 0.25 0.0625 -0.07499999 0.265625 0.328125 0.25 0.4375 -0.07499999 0.265625 0.421875 -0.25 0.4375 -0.07499999 0.390625 0.421875
form 18 54
-0.2405 0.40530792 0.083968766 0.375 0.421875 0.009500004 0.40530792 0.083968766 0.3125 0.421875 0.009500004 0.22853091 -0.09280761 0.3125 0.484375 -0.2405 0.22853091 -0.09280761 0.375 0.484375
-0.2405 0.007560432 0.12816367 0.4375 0.484375 0.009500004 0.007560432 0.12816367 0.375 0.484375 0.009500004 0.18433744 0.30494004 0.375 0.421875 -0.2405 0.18433744 0.30494004 0.4375 0.421875
0.009500004 0.22853091 -0.09280761 0.3125 0.484375 0.009500004 0.40530792 0.083968766 0.25 0.484375 0.009500004 0.18433744 0.30494004 0.25 0.5625 0.009500004 0.007560432 0.12816367 0.3125 0.5625
-0.2405 0.22853091 -0.09280761 0.375 0.484375 0.009500004 0.22853091 -0.09280761 0.3125 0.484375 0.009500004 0.007560432 0.12816367 0.3125 0.5625 -0.2405 0.007560432 0.12816367 0.375 0.5625
-0.2405 0.40530792 0.083968766 0.4375 0.484375 -0.2405 0.22853091 -0.09280761 0.375 0.484375 -0.2405 0.007560432 0.12816367 0.375 0.5625 -0.2405 0.18433744 0.30494004 0.4375 0.5625
0.009500004 0.40530792 0.083968766 0.5 0.484375 -0.2405 0.40530792 0.083968766 0.4375 0.484375 -0.2405 0.18433744 0.30494004 0.4375 0.5625 0.009500004 0.18433744 0.30494004 0.5 0.5625
-0.008000016 0.1771888 0.065439984 0.125 0.421875 0.24199998 0.1771888 0.065439984 0.0625 0.421875 0.24199998 0.3687056 -0.09525014 0.0625 0.484375 -0.008000016 0.3687056 -0.09525014 0.125 0.484375
-0.008000016 0.16784292 -0.33464614 0.1875 0.484375 0.24199998 0.16784292 -0.33464614 0.125 0.484375 0.24199998 -0.023673862 -0.173956 0.125 0.421875 -0.008000016 -0.023673862 -0.173956 0.1875 0.421875
0.24199998 0.3687056 -0.09525014 0.0625 0.484375 0.24199998 0.1771888 0.065439984 0 0.484375 0.24199998 -0.023673862 -0.173956 0 0.5625 0.24199998 0.16784292 -0.33464614 0.0625 0.5625
-0.008000016 0.3687056 -0.09525014 0.125 0.484375 0.24199998 0.3687056 -0.09525014 0.0625 0.484375 0.24199998 0.16784292 -0.33464614 0.0625 0.5625 -0.008000016 0.16784292 -0.33464614 0.125 0.5625
-0.008000016 0.1771888 0.065439984 0.1875 0.484375 -0.008000016 0.3687056 -0.09525014 0.125 0.484375 -0.008000016 0.16784292 -0.33464614 0.125 0.5625 -0.008000016 -0.023673862 -0.173956 0.1875 0.5625
0.24199998 0.1771888 0.065439984 0.25 0.484375 -0.008000016 0.1771888 0.065439984 0.1875 0.484375 -0.008000016 -0.023673862 -0.173956 0.1875 0.5625 0.24199998 -0.023673862 -0.173956 0.25 0.5625
-0.22725 0.98125005 0.2 0.28125 0 0.27275 0.98125005 0.2 0.15625 0 0.27275 0.98125005 -0.425 0.15625 0.15625 -0.22725 0.98125005 -0.425 0.28125 0.15625
-0.22725 0.66875005 -0.425 0.40625 0.15625 0.27275 0.66875005 -0.425 0.28125 0.15625 0.27275 0.66875005 0.2 0.28125 0 -0.22725 0.66875005 0.2 0.40625 0
0.27275 0.98125005 -0.425 0.15625 0.15625 0.27275 0.98125005 0.2 0 0.15625 0.27275 0.66875005 0.2 0 0.234375 0.27275 0.66875005 -0.425 0.15625 0.234375
-0.22725 0.98125005 -0.425 0.28125 0.15625 0.27275 0.98125005 -0.425 0.15625 0.15625 0.27275 0.66875005 -0.425 0.15625 0.234375 -0.22725 0.66875005 -0.425 0.28125 0.234375
-0.22725 0.98125005 0.2 0.4375 0.15625 -0.22725 0.98125005 -0.425 0.28125 0.15625 -0.22725 0.66875005 -0.425 0.28125 0.234375 -0.22725 0.66875005 0.2 0.4375 0.234375
0.27275 0.98125005 0.2 0.5625 0.15625 -0.22725 0.98125005 0.2 0.4375 0.15625 -0.22725 0.66875005 0.2 0.4375 0.234375 0.27275 0.66875005 0.2 0.5625 0.234375
-0.0385 0.79375005 -0.3625 0.9375 0 0.086500004 0.79375005 -0.3625 0.90625 0 0.086500004 0.79375005 -0.4875 0.90625 0.03125 -0.0385 0.79375005 -0.4875 0.9375 0.03125
-0.0385 0.60625005 -0.4875 0.96875 0.03125 0.086500004 0.60625005 -0.4875 0.9375 0.03125 0.086500004 0.60625005 -0.3625 0.9375 0 -0.0385 0.60625005 -0.3625 0.96875 0
0.086500004 0.79375005 -0.4875 0.90625 0.03125 0.086500004 0.79375005 -0.3625 0.875 0.03125 0.086500004 0.60625005 -0.3625 0.875 0.078125 0.086500004 0.60625005 -0.4875 0.90625 0.078125
-0.0385 0.79375005 -0.4875 0.9375 0.03125 0.086500004 0.79375005 -0.4875 0.90625 0.03125 0.086500004 0.60625005 -0.4875 0.90625 0.078125 -0.0385 0.60625005 -0.4875 0.9375 0.078125
-0.0385 0.79375005 -0.3625 0.96875 0.03125 -0.0385 0.79375005 -0.4875 0.9375 0.03125 -0.0385 0.60625005 -0.4875 0.9375 0.078125 -0.0385 0.60625005 -0.3625 0.96875 0.078125
0.086500004 0.79375005 -0.3625 1 0.03125 -0.0385 0.79375005 -0.3625 0.96875 0.03125 -0.0385 0.60625005 -0.3625 0.96875 0.078125 0.086500004 0.60625005 -0.3625 1 0.078125
-0.0375625 1.2303126 -0.050937496 0.640625 0.125 0.0855625 1.2303126 -0.050937496 0.609375 0.125 0.0855625 1.2303126 -0.17406249 0.609375 0.15625 -0.0375625 1.2303126 -0.17406249 0.640625 0.15625
-0.0375625 0.9821875 -0.17406249 0.671875 0.15625 0.0855625 0.9821875 -0.17406249 0.640625 0.15625 0.0855625 0.9821875 -0.050937496 0.640625 0.125 -0.0375625 0.9821875 -0.050937496 0.671875 0.125
0.0855625 1.2303126 -0.17406249 0.609375 0.15625 0.0855625 1.2303126 -0.050937496 0.578125 0.15625 0.0855625 0.9821875 -0.050937496 0.578125 0.21875 0.0855625 0.9821875 -0.17406249 0.609375 0.21875
-0.0375625 1.2303126 -0.17406249 0.640625 0.15625 0.0855625 1.2303126 -0.17406249 0.609375 0.15625 0.0855625 0.9821875 -0.17406249 0.609375 0.21875 -0.0375625 0.9821875 -0.17406249 0.640625 0.21875
-0.0375625 1.2303126 -0.050937496 0.671875 0.15625 -0.0375625 1.2303126 -0.17406249 0.640625 0.15625 -0.0375625 0.9821875 -0.17406249 0.640625 0.21875 -0.0375625 0.9821875 -0.050937496 0.671875 0.21875
0.0855625 1.2303126 -0.050937496 0.703125 0.15625 -0.0375625 1.2303126 -0.050937496 0.671875 0.15625 -0.0375625 0.9821875 -0.050937496 0.671875 0.21875 0.0855625 0.9821875 -0.050937496 0.703125 0.21875
-0.1013125 1.4803126 0.011562504 0.703125 0 0.1468125 1.4803126 0.011562504 0.640625 0 0.1468125 1.4803126 -0.23656249 0.640625 0.0625 -0.1013125 1.4803126 -0.23656249 0.703125 0.0625
-0.1013125 1.2321875 -0.23656249 0.765625 0.0625 0.1468125 1.2321875 -0.23656249 0.703125 0.0625 0.1468125 1.2321875 0.011562504 0.703125 0 -0.1013125 1.2321875 0.011562504 0.765625 0
0.1468125 1.4803126 -0.23656249 0.640625 0.0625 0.1468125 1.4803126 0.011562504 0.578125 0.0625 0.1468125 1.2321875 0.011562504 0.578125 0.125 0.1468125 1.2321875 -0.23656249 0.640625 0.125
-0.1013125 1.4803126 -0.23656249 0.703125 0.0625 0.1468125 1.4803126 -0.23656249 0.640625 0.0625 0.1468125 1.2321875 -0.23656249 0.640625 0.125 -0.1013125 1.2321875 -0.23656249 0.703125 0.125
-0.1013125 1.4803126 0.011562504 0.765625 0.0625 -0.1013125 1.4803126 -0.23656249 0.703125 0.0625 -0.1013125 1.2321875 -0.23656249 0.703125 0.125 -0.1013125 1.2321875 0.011562504 0.765625 0.125
0.1468125 1.4803126 0.011562504 0.828125 0.0625 -0.1013125 1.4803126 0.011562504 0.765625 0.0625 -0.1013125 1.2321875 0.011562504 0.765625 0.125 0.1468125 1.2321875 0.011562504 0.828125 0.125
0.27600002 0.84380174 -0.09381178 0.671875 0.25 0.46350002 0.84380174 -0.09381178 0.625 0.25 0.46350002 0.63294905 -0.22812915 0.625 0.3125 0.27600002 0.63294905 -0.22812915 0.671875 0.3125
0.27600002 0.29715565 0.2990025 0.71875 0.3125 0.46350002 0.29715565 0.2990025 0.671875 0.3125 0.46350002 0.50800836 0.43331987 0.671875 0.25 0.27600002 0.50800836 0.43331987 0.71875 0.25
0.46350002 0.63294905 -0.22812915 0.625 0.3125 0.46350002 0.84380174 -0.09381178 0.5625 0.3125 0.46350002 0.50800836 0.43331987 0.5625 0.46875 0.46350002 0.29715565 0.2990025 0.625 0.46875
0.27600002 0.63294905 -0.22812915 0.671875 0.3125 0.46350002 0.63294905 -0.22812915 0.625 0.3125 0.46350002 0.29715565 0.2990025 0.625 0.46875 0.27600002 0.29715565 0.2990025 0.671875 0.46875
0.27600002 0.84380174 -0.09381178 0.734375 0.3125 0.27600002 0.63294905 -0.22812915 0.671875 0.3125 0.27600002 0.29715565 0.2990025 0.671875 0.46875 0.27600002 0.50800836 0.43331987 0.734375 0.46875
0.46350002 0.84380174 -0.09381178 0.78125 0.3125 0.27600002 0.84380174 -0.09381178 0.734375 0.3125 0.27600002 0.50800836 0.43331987 0.734375 0.46875 0.46350002 0.50800836 0.43331987 0.78125 0.46875
-0.41348675 0.644317 0.143017 0.890625 0.25 -0.22644371 0.6359131 0.13299052 0.84375 0.25 -0.22645259 0.8274303 -0.027699064 0.84375 0.3125 -0.41349563 0.8358342 -0.017672598 0.890625 0.3125
-0.45710438 0.43508813 -0.49529788 0.9375 0.3125 -0.27006134 0.42668426 -0.50532436 0.890625 0.3125 -0.27005246 0.23516703 -0.3446347 0.890625 0.25 -0.4570955 0.24357091 -0.33460826 0.9375 0.25
-0.22645259 0.8274303 -0.027699064 0.84375 0.3125 -0.22644371 0.6359131 0.13299052 0.78125 0.3125 -0.27005246 0.23516703 -0.3446347 0.78125 0.46875 -0.27006134 0.42668426 -0.50532436 0.84375 0.46875
-0.41349563 0.8358342 -0.017672598 0.890625 0.3125 -0.22645259 0.8274303 -0.027699064 0.84375 0.3125 -0.27006134 0.42668426 -0.50532436 0.84375 0.46875 -0.45710438 0.43508813 -0.49529788 0.890625 0.46875
-0.41348675 0.644317 0.143017 0.953125 0.3125 -0.41349563 0.8358342 -0.017672598 0.890625 0.3125 -0.45710438 0.43508813 -0.49529788 0.890625 0.46875 -0.4570955 0.24357091 -0.33460826 0.953125 0.46875
-0.22644371 0.6359131 0.13299052 1 0.3125 -0.41348675 0.644317 0.143017 0.953125 0.3125 -0.4570955 0.24357091 -0.33460826 0.953125 0.46875 -0.27005246 0.23516703 -0.3446347 1 0.46875
-0.21855143 0.7225953 0.15454681 0.21875 0.234375 0.27992198 0.6836855 0.15134683 0.09375 0.234375 0.27404144 0.6389665 -0.22093076 0.09375 0.328125 -0.22443195 0.6778763 -0.21773078 0.21875 0.328125
-0.25311625 0.3066977 -0.1726907 0.34375 0.328125 0.24535714 0.2677879 -0.17589068 0.21875 0.328125 0.25123766 0.31250688 0.1963869 0.21875 0.234375 -0.24723573 0.35141668 0.19958688 0.34375 0.234375
0.27404144 0.6389665 -0.22093076 0.09375 0.328125 0.27992198 0.6836855 0.15134683 0 0.328125 0.25123766 0.31250688 0.1963869 0 0.421875 0.24535714 0.2677879 -0.17589068 0.09375 0.421875
-0.22443195 0.6778763 -0.21773078 0.21875 0.328125 0.27404144 0.6389665 -0.22093076 0.09375 0.328125 0.24535714 0.2677879 -0.17589068 0.09375 0.421875 -0.25311625 0.3066977 -0.1726907 0.21875 0.421875
-0.21855143 0.7225953 0.15454681 0.3125 0.328125 -0.22443195 0.6778763 -0.21773078 0.21875 0.328125 -0.25311625 0.3066977 -0.1726907 0.21875 0.421875 -0.24723573 0.35141668 0.19958688 0.3125 0.421875
0.27992198 0.6836855 0.15134683 0.4375 0.328125 -0.21855143 0.7225953 0.15454681 0.3125 0.328125 -0.24723573 0.35141668 0.19958688 0.3125 0.421875 0.25123766 0.31250688 0.1963869 0.4375 0.421875
form 19 54
-0.24592516 0.37077832 0.125 0.375 0.421875 -0.004443735 0.30607343 0.125 0.3125 0.421875 -0.004443735 0.30607343 -0.125 0.3125 0.484375 -0.24592516 0.37077832 -0.125 0.375 0.484375
-0.32680628 0.068926565 -0.125 0.4375 0.484375 -0.08532485 0.0042216554 -0.125 0.375 0.484375 -0.08532485 0.0042216554 0.125 0.375 0.421875 -0.32680628 0.068926565 0.125 0.4375 0.421875
-0.004443735 0.30607343 -0.125 0.3125 0.484375 -0.004443735 0.30607343 0.125 0.25 0.484375 -0.08532485 0.0042216554 0.125 0.25 0.5625 -0.08532485 0.0042216554 -0.125 0.3125 0.5625
-0.24592516 0.37077832 -0.125 0.375 0.484375 -0.004443735 0.30607343 -0.125 0.3125 0.484375 -0.08532485 0.0042216554 -0.125 0.3125 0.5625 -0.32680628 0.068926565 -0.125 0.375 0.5625
-0.24592516 0.37077832 0.125 0.4375 0.484375 -0.24592516 0.37077832 -0.125 0.375 0.484375 -0.32680628 0.068926565 -0.125 0.375 0.5625 -0.32680628 0.068926565 0.125 0.4375 0.5625
-0.004443735 0.30607343 0.125 0.5 0.484375 -0.24592516 0.37077832 0.125 0.4375 0.484375 -0.32680628 0.068926565 0.125 0.4375 0.5625 -0.08532485 0.0042216554 0.125 0.5 0.5625
0.004443735 0.30607343 0.125625 0.125 0.421875 0.24592516 0.37077832 0.125625 0.0625 0.421875 0.24592516 0.37077832 -0.124375 0.0625 0.484375 0.004443735 0.30607343 -0.124375 0.125 0.484375
0.08532485 0.0042216554 -0.124375 0.1875 0.484375 0.32680628 0.068926565 -0.124375 0.125 0.484375 0.32680628 0.068926565 0.125625 0.125 0.421875 0.08532485 0.0042216554 0.125625 0.1875 0.421875
0.24592516 0.37077832 -0.124375 0.0625 0.484375 0.24592516 0.37077832 0.125625 0 0.484375 0.32680628 0.068926565 0.125625 0 0.5625 0.32680628 0.068926565 -0.124375 0.0625 0.5625
0.004443735 0.30607343 -0.124375 0.125 0.484375 0.24592516 0.37077832 -0.124375 0.0625 0.484375 0.32680628 0.068926565 -0.124375 0.0625 0.5625 0.08532485 0.0042216554 -0.124375 0.125 0.5625
0.004443735 0.30607343 0.125625 0.1875 0.484375 0.004443735 0.30607343 -0.124375 0.125 0.484375 0.08532485 0.0042216554 -0.124375 0.125 0.5625 0.08532485 0.0042216554 0.125625 0.1875 0.5625
0.24592516 0.37077832 0.125625 0.25 0.484375 0.004443735 0.30607343 0.125625 0.1875 0.484375 0.08532485 0.0042216554 0.125625 0.1875 0.5625 0.32680628 0.068926565 0.125625 0.25 0.5625
-0.25 0.6875 0.1875 0.21875 0.234375 0.25 0.6875 0.1875 0.09375 0.234375 0.25 0.6875 -0.1875 0.09375 0.328125 -0.25 0.6875 -0.1875 0.21875 0.328125
-0.25 0.3125 -0.1875 0.34375 0.328125 0.25 0.3125 -0.1875 0.21875 0.328125 0.25 0.3125 0.1875 0.21875 0.234375 -0.25 0.3125 0.1875 0.34375 0.234375
0.25 0.6875 -0.1875 0.09375 0.328125 0.25 0.6875 0.1875 0 0.328125 0.25 0.3125 0.1875 0 0.421875 0.25 0.3125 -0.1875 0.09375 0.421875
-0.25 0.6875 -0.1875 0.21875 0.328125 0.25 0.6875 -0.1875 0.09375 0.328125 0.25 0.3125 -0.1875 0.09375 0.421875 -0.25 0.3125 -0.1875 0.21875 0.421875
-0.25 0.6875 0.1875 0.3125 0.328125 -0.25 0.6875 -0.1875 0.21875 0.328125 -0.25 0.3125 -0.1875 0.21875 0.421875 -0.25 0.3125 0.1875 0.3125 0.421875
0.25 0.6875 0.1875 0.4375 0.328125 -0.25 0.6875 0.1875 0.3125 0.328125 -0.25 0.3125 0.1875 0.3125 0.421875 0.25 0.3125 0.1875 0.4375 0.421875
-0.25 1 0.3125 0.28125 0 0.25 1 0.3125 0.15625 0 0.25 1 -0.3125 0.15625 0.15625 -0.25 1 -0.3125 0.28125 0.15625
-0.25 0.6875 -0.3125 0.40625 0.15625 0.25 0.6875 -0.3125 0.28125 0.15625 0.25 0.6875 0.3125 0.28125 0 -0.25 0.6875 0.3125 0.40625 0
0.25 1 -0.3125 0.15625 0.15625 0.25 1 0.3125 0 0.15625 0.25 0.6875 0.3125 0 0.234375 0.25 0.6875 -0.3125 0.15625 0.234375
-0.25 1 -0.3125 0.28125 0.15625 0.25 1 -0.3125 0.15625 0.15625 0.25 0.6875 -0.3125 0.15625 0.234375 -0.25 0.6875 -0.3125 0.28125 0.234375
-0.25 1 0.3125 0.4375 0.15625 -0.25 1 -0.3125 0.28125 0.15625 -0.25 0.6875 -0.3125 0.28125 0.234375 -0.25 0.6875 0.3125 0.4375 0.234375
0.25 1 0.3125 0.5625 0.15625 -0.25 1 0.3125 0.4375 0.15625 -0.25 0.6875 0.3125 0.4375 0.234375 0.25 0.6875 0.3125 0.5625 0.234375
-0.0625 0.8125 -0.25 0.9375 0 0.0625 0.8125 -0.25 0.90625 0 0.0625 0.8125 -0.375 0.90625 0.03125 -0.0625 0.8125 -0.375 0.9375 0.03125
-0.0625 0.625 -0.375 0.96875 0.03125 0.0625 0.625 -0.375 0.9375 0.03125 0.0625 0.625 -0.25 0.9375 0 -0.0625 0.625 -0.25 0.96875 0
0.0625 0.8125 -0.375 0.90625 0.03125 0.0625 0.8125 -0.25 0.875 0.03125 0.0625 0.625 -0.25 0.875 0.078125 0.0625 0.625 -0.375 0.90625 0.078125
-0.0625 0.8125 -0.375 0.9375 0.03125 0.0625 0.8125 -0.375 0.90625 0.03125 0.0625 0.625 -0.375 0.90625 0.078125 -0.0625 0.625 -0.375 0.9375 0.078125
-0.0625 0.8125 -0.25 0.96875 0.03125 -0.0625 0.8125 -0.375 0.9375 0.03125 -0.0625 0.625 -0.375 0.9375 0.078125 -0.0625 0.625 -0.25 0.96875 0.078125
0.0625 0.8125 -0.25 1 0.03125 -0.0625 0.8125 -0.25 0.96875 0.03125 -0.0625 0.625 -0.25 0.96875 0.078125 0.0625 0.625 -0.25 1 0.078125
-0.0615625 1.2490625 0.0615625 0.640625 0.125 0.0615625 1.2490625 0.0615625 0.609375 0.125 0.0615625 1.2490625 -0.0615625 0.609375 0.15625 -0.0615625 1.2490625 -0.0615625 0.640625 0.15625
-0.0615625 1.0009375 -0.0615625 0.671875 0.15625 0.0615625 1.0009375 -0.0615625 0.640625 0.15625 0.0615625 1.0009375 0.0615625 0.640625 0.125 -0.0615625 1.0009375 0.0615625 0.671875 0.125
0.0615625 1.2490625 -0.0615625 0.609375 0.15625 0.0615625 1.2490625 0.0615625 0.578125 0.15625 0.0615625 1.0009375 0.0615625 0.578125 0.21875 0.0615625 1.0009375 -0.0615625 0.609375 0.21875
-0.0615625 1.2490625 -0.0615625 0.640625 0.15625 0.0615625 1.2490625 -0.0615625 0.609375 0.15625 0.0615625 1.0009375 -0.0615625 0.609375 0.21875 -0.0615625 1.0009375 -0.0615625 0.640625 0.21875
-0.0615625 1.2490625 0.0615625 0.671875 0.15625 -0.0615625 1.2490625 -0.0615625 0.640625 0.15625 -0.0615625 1.0009375 -0.0615625 0.640625 0.21875 -0.0615625 1.0009375 0.0615625 0.671875 0.21875
0.0615625 1.2490625 0.0615625 0.703125 0.15625 -0.0615625 1.2490625 0.0615625 0.671875 0.15625 -0.0615625 1.0009375 0.0615625 0.671875 0.21875 0.0615625 1.0009375 0.0615625 0.703125 0.21875
-0.1240625 1.4990625 0.1240625 0.703125 0 0.1240625 1.4990625 0.1240625 0.640625 0 0.1240625 1.4990625 -0.1240625 0.640625 0.0625 -0.1240625 1.4990625 -0.1240625 0.703125 0.0625
-0.1240625 1.2509375 -0.1240625 0.765625 0.0625 0.1240625 1.2509375 -0.1240625 0.703125 0.0625 0.1240625 1.2509375 0.1240625 0.703125 0 -0.1240625 1.2509375 0.1240625 0.765625 0
0.1240625 1.4990625 -0.1240625 0.640625 0.0625 0.1240625 1.4990625 0.1240625 0.578125 0.0625 0.1240625 1.2509375 0.1240625 0.578125 0.125 0.1240625 1.2509375 -0.1240625 0.640625 0.125
-0.1240625 1.4990625 -0.1240625 0.703125 0.0625 0.1240625 1.4990625 -0.1240625 0.640625 0.0625 0.1240625 1.2509375 -0.1240625 0.640625 0.125 -0.1240625 1.2509375 -0.1240625 0.703125 0.125
-0.1240625 1.4990625 0.1240625 0.765625 0.0625 -0.1240625 1.4990625 -0.1240625 0.703125 0.0625 -0.1240625 1.2509375 -0.1240625 0.703125 0.125 -0.1240625 1.2509375 0.1240625 0.765625 0.125
0.1240625 1.4990625 0.1240625 0.828125 0.0625 -0.1240625 1.4990625 0.1240625 0.765625 0.0625 -0.1240625 1.2509375 0.1240625 0.765625 0.125 0.1240625 1.2509375 0.1240625 0.828125 0.125
-0.07408221 0.43001267 0.125 0.671875 0.25 -0.13821761 0.6062026 0.125 0.625 0.25 -0.13821761 0.6062026 -0.125 0.625 0.3125 -0.07408221 0.43001267 -0.125 0.671875 0.3125
0.5132176 0.6437974 -0.125 0.71875 0.3125 0.4490822 0.8199873 -0.125 0.671875 0.3125 0.4490822 0.8199873 0.125 0.671875 0.25 0.5132176 0.6437974 0.125 0.71875 0.25
-0.13821761 0.6062026 -0.125 0.625 0.3125 -0.13821761 0.6062026 0.125 0.5625 0.3125 0.4490822 0.8199873 0.125 0.5625 0.46875 0.4490822 0.8199873 -0.125 0.625 0.46875
-0.07408221 0.43001267 -0.125 0.671875 0.3125 -0.13821761 0.6062026 -0.125 0.625 0.3125 0.4490822 0.8199873 -0.125 0.625 0.46875 0.5132176 0.6437974 -0.125 0.671875 0.46875
-0.07408221 0.43001267 0.125 0.734375 0.3125 -0.07408221 0.43001267 -0.125 0.671875 0.3125 0.5132176 0.6437974 -0.125 0.671875 0.46875 0.5132176 0.6437974 0.125 0.734375 0.46875
-0.13821761 0.6062026 0.125 0.78125 0.3125 -0.07408221 0.43001267 0.125 0.734375 0.3125 0.5132176 0.6437974 0.125 0.734375 0.46875 0.4490822 0.8199873 0.125 0.78125 0.46875
0.13821761 0.6062026 0.125 0.890625 0.25 0.07408221 0.43001267 0.125 0.84375 0.25 0.07408221 0.43001267 -0.125 0.84375 0.3125 0.13821761 0.6062026 -0.125 0.890625 0.3125
-0.4490822 0.8199873 -0.125 0.9375 0.3125 -0.5132176 0.6437974 -0.125 0.890625 0.3125 -0.5132176 0.6437974 0.125 0.890625 0.25 -0.4490822 0.8199873 0.125 0.9375 0.25
0.07408221 0.43001267 -0.125 0.84375 0.3125 0.07408221 0.43001267 0.125 0.78125 0.3125 -0.5132176 0.6437974 0.125 0.78125 0.46875 -0.5132176 0.6437974 -0.125 0.84375 0.46875
0.13821761 0.6062026 -0.125 0.890625 0.3125 0.07408221 0.43001267 -0.125 0.84375 0.3125 -0.5132176 0.6437974 -0.125 0.84375 0.46875 -0.4490822 0.8199873 -0.125 0.890625 0.46875
0.13821761 0.6062026 0.125 0.953125 0.3125 0.13821761 0.6062026 -0.125 0.890625 0.3125 -0.4490822 0.8199873 -0.125 0.890625 0.46875 -0.4490822 0.8199873 0.125 0.953125 0.46875
0.07408221 0.43001267 0.125 1 0.3125 0.13821761 0.6062026 0.125 0.953125 0.3125 -0.4490822 0.8199873 0.125 0.953125 0.46875 -0.5132176 0.6437974 0.125 1 0.46875
form 20 12
0.74375 1.24375 0.25625002 0.5 0 0.25625 1.24375 0.25625002 0.25 0 0.25625 1.24375 0.74375 0.25 0.25 0.74375 1.24375 0.74375 0.5 0.25
0.74375 1.06875 0.74375 0.75 0.25 0.25625 1.06875 0.74375 0.5 0.25 0.25625 1.06875 0.25625002 0.5 0 0.74375 1.06875 0.25625002 0.75 0
0.25625 1.24375 0.74375 0.25 0.25 0.25625 1.24375 0.25625002 0 0.25 0.25625 1.06875 0.25625002 0 0.34375 0.25625 1.06875 0.74375 0.25 0.34375
0.74375 1.24375 0.74375 0.5 0.25 0.25625 1.24375 0.74375 0.25 0.25 0.25625 1.06875 0.74375 0.25 0.34375 0.74375 1.06875 0.74375 0.5 0.34375
0.74375 1.24375 0.25625002 0.75 0.25 0.74375 1.24375 0.74375 0.5 0.25 0.74375 1.06875 0.74375 0.5 0.34375 0.74375 1.06875 0.25625002 0.75 0.34375
0.25625 1.24375 0.25625002 1 0.25 0.74375 1.24375 0.25625002 0.75 0.25 0.74375 1.06875 0.25625002 0.75 0.34375 0.25625 1.06875 0.25625002 1 0.34375
0.7 1.075 0.3 0.375 0.15625 0.3 1.075 0.3 0.1875 0.15625 0.3 1.075 0.7 0.1875 0.34375 0.7 1.075 0.7 0.375 0.34375
0.7 0.98749995 0.7 0.5625 0.34375 0.3 0.98749995 0.7 0.375 0.34375 0.3 0.98749995 0.3 0.375 0.15625 0.7 0.98749995 0.3 0.5625 0.15625
0.3 1.075 0.7 0.1875 0.34375 0.3 1.075 0.3 0 0.34375 0.3 0.98749995 0.3 0 0.375 0.3 0.98749995 0.7 0.1875 0.375
0.7 1.075 0.7 0.375 0.34375 0.3 1.075 0.7 0.1875 0.34375 0.3 0.98749995 0.7 0.1875 0.375 0.7 0.98749995 0.7 0.375 0.375
0.7 1.075 0.3 0.5625 0.34375 0.7 1.075 0.7 0.375 0.34375 0.7 0.98749995 0.7 0.375 0.375 0.7 0.98749995 0.3 0.5625 0.375
0.3 1.075 0.3 0.75 0.34375 0.7 1.075 0.3 0.5625 0.34375 0.7 0.98749995 0.3 0.5625 0.375 0.3 0.98749995 0.3 0.75 0.375
form 21 6
0.9375 1 0.9375 0.4375 0.40625 0.0625 1 0.9375 0 0.40625 0.0625 1 0.0625 0 0.84375 0.9375 1 0.0625 0.4375 0.84375
0.9375 1 0.0625 0.875 0.84375 0.0625 1 0.0625 0.4375 0.84375 0.0625 1 0.9375 0.4375 0.40625 0.9375 1 0.9375 0.875 0.40625
0.0625 1 0.0625 0 0.84375 0.0625 1 0.9375 -0.4375 0.84375 0.0625 1 0.9375 -0.4375 0.84375 0.0625 1 0.0625 0 0.84375
0.9375 1 0.0625 0.4375 0.84375 0.0625 1 0.0625 0 0.84375 0.0625 1 0.0625 0 0.84375 0.9375 1 0.0625 0.4375 0.84375
0.9375 1 0.9375 0.875 0.84375 0.9375 1 0.0625 0.4375 0.84375 0.9375 1 0.0625 0.4375 0.84375 0.9375 1 0.9375 0.875 0.84375
0.0625 1 0.9375 1.3125 0.84375 0.9375 1 0.9375 0.875 0.84375 0.9375 1 0.9375 0.875 0.84375 0.0625 1 0.9375 1.3125 0.84375
form 22 6
0.9375 0 0.9375 0.4375 0.40625 0.0625 0 0.9375 0 0.40625 0.0625 0 0.0625 0 0.84375 0.9375 0 0.0625 0.4375 0.84375
0.9375 0 0.0625 0.875 0.84375 0.0625 0 0.0625 0.4375 0.84375 0.0625 0 0.9375 0.4375 0.40625 0.9375 0 0.9375 0.875 0.40625
0.0625 0 0.0625 0 0.84375 0.0625 0 0.9375 -0.4375 0.84375 0.0625 0 0.9375 -0.4375 0.84375 0.0625 0 0.0625 0 0.84375
0.9375 0 0.0625 0.4375 0.84375 0.0625 0 0.0625 0 0.84375 0.0625 0 0.0625 0 0.84375 0.9375 0 0.0625 0.4375 0.84375
0.9375 0 0.9375 0.875 0.84375 0.9375 0 0.0625 0.4375 0.84375 0.9375 0 0.0625 0.4375 0.84375 0.9375 0 0.9375 0.875 0.84375
0.0625 0 0.9375 1.3125 0.84375 0.9375 0 0.9375 0.875 0.84375 0.9375 0 0.9375 0.875 0.84375 0.0625 0 0.9375 1.3125 0.84375
form 23 1
0.9375 1 0.9375 0.9375 0 0.0625 1 0.9375 0.0625 0 0.0625 0 0.9375 0.0625 1 0.9375 0 0.9375 0.9375 1
form 24 1
0.0625 1 0.0625 0.9375 0 0.9375 1 0.0625 0.0625 0 0.9375 0 0.0625 0.0625 1 0.0625 0 0.0625 0.9375 1
form 25 1
0.0625 1 0.93749994 0.9375 0 0.0625 1 0.0625 0.0625 0 0.0625 5.9604645E-8 0.0625 0.0625 1 0.0625 5.9604645E-8 0.93749994 0.9375 1
form 26 1
0.9375 1 0.06250006 0.9375 0 0.9375 1 0.9375 0.0625 0 0.9375 5.9604645E-8 0.9375 0.0625 1 0.9375 5.9604645E-8 0.06250006 0.9375 1
lage 0
-1 -0 0 1
0 1 -0 0
0 0 -1 1
lage 1
1 -0 0 0
0 1 -0 0
0 0 1 0
lage 2
0 -0 -0.99999994 1
0 0.99999994 -0 0
0.99999994 0 0 2.9802322E-8
lage 3
0 0 0.99999994 2.9802322E-8
-0 0.99999994 0 0
-0.99999994 -0 0 1
lage 4
0.17364818 -0.98480767 0 0.5
0.98480767 0.17364818 0 0.85
0 0 0.99999994 0.5
lage 5
-1 0 0 0.5
-0 -1 -0 0
-0 -0 1 0.5
lage 6
-0.92387944 0 -0.38268343 0.5
-0 -0.99999994 -0 0
-0.38268343 -0 0.92387944 0.5
lage 7
-0.7071067 0 -0.7071068 0.5
-0 -1 -0 0
-0.7071068 -0 0.7071067 0.5
lage 8
-0.3826834 0 -0.9238795 0.5
-0 -1 -0 0
-0.9238795 -0 0.3826834 0.5
lage 9
-0 0 -0.99999994 0.5
-0 -0.99999994 -0 0
-0.99999994 -0 0 0.5
lage 10
0.3826834 0 -0.9238795 0.5
-0 -1 -0 0
-0.9238795 -0 -0.3826834 0.5
lage 11
0.7071067 0 -0.7071068 0.5
-0 -1 -0 0
-0.7071068 -0 -0.7071067 0.5
lage 12
0.9238794 0 -0.3826838 0.5
-0 -1 -0 0
-0.3826838 -0 -0.9238794 0.5
lage 13
1 -0 0 0.5
-0 -1 0 0
-0 -0 -1 0.5
lage 14
0.9238794 -0 0.3826838 0.5
-0 -1 0 0
0.3826838 -0 -0.9238794 0.5
lage 15
0.7071067 -0 0.7071068 0.5
-0 -1 0 0
0.7071068 -0 -0.7071067 0.5
lage 16
0.3826834 -0 0.9238795 0.5
-0 -1 0 0
0.9238795 -0 -0.3826834 0.5
lage 17
-0 -0 0.99999994 0.5
-0 -0.99999994 0 0
0.99999994 -0 0 0.5
lage 18
-0.3826834 -0 0.9238795 0.5
-0 -1 0 0
0.9238795 -0 0.3826834 0.5
lage 19
-0.7071067 -0 0.7071068 0.5
-0 -1 0 0
0.7071068 -0 0.7071067 0.5
lage 20
-0.92387944 -0 0.38268343 0.5
-0 -0.99999994 0 0
0.38268343 -0 0.92387944 0.5
lage 21
-1 0 0 0.5
-0 -1 -0 0.25
-0 -0 1 0.75
lage 22
1 0 0 0.5
-0 -1 -0 0.25
-0 -0 -1 0.25
lage 23
-0 -0 0.99999994 0.75
0 -0.99999994 0 0.25
0.99999994 0 0 0.5
lage 24
-0 0 -0.99999994 0.25
-0 -0.99999994 -0 0.25
-0.99999994 -0 0 0.5
lage 25
0.6666667 0 -0 0.5
0 -0.6666667 0 0
0 -0 -0.6666667 0.5
lage 26
0.61591965 0 0.2551223 0.5
0 -0.6666666 0 0
0.2551223 -0 -0.61591965 0.5
lage 27
0.4714045 0 0.47140455 0.5
0 -0.6666667 0 0
0.47140455 -0 -0.4714045 0.5
lage 28
0.25512227 0 0.6159197 0.5
0 -0.6666667 0 0
0.6159197 -0 -0.25512227 0.5
lage 29
0 0 0.6666666 0.5
0 -0.6666666 0 0
0.6666666 -0 -0 0.5
lage 30
-0.25512227 0 0.6159197 0.5
0 -0.6666667 0 0
0.6159197 -0 0.25512227 0.5
lage 31
-0.4714045 0 0.47140455 0.5
0 -0.6666667 0 0
0.47140455 -0 0.4714045 0.5
lage 32
-0.6159196 0 0.25512254 0.5
0 -0.6666667 0 0
0.25512254 -0 0.6159196 0.5
lage 33
-0.6666667 -0 -0 0.5
0 -0.6666667 -0 0
0 -0 0.6666667 0.5
lage 34
-0.6159196 -0 -0.25512254 0.5
0 -0.6666667 -0 0
-0.25512254 -0 0.6159196 0.5
lage 35
-0.4714045 -0 -0.47140455 0.5
0 -0.6666667 -0 0
-0.47140455 -0 0.4714045 0.5
lage 36
-0.25512227 -0 -0.6159197 0.5
0 -0.6666667 -0 0
-0.6159197 -0 0.25512227 0.5
lage 37
0 -0 -0.6666666 0.5
0 -0.6666666 -0 0
-0.6666666 -0 -0 0.5
lage 38
0.25512227 -0 -0.6159197 0.5
0 -0.6666667 -0 0
-0.6159197 -0 -0.25512227 0.5
lage 39
0.4714045 -0 -0.47140455 0.5
0 -0.6666667 -0 0
-0.47140455 -0 -0.4714045 0.5
lage 40
0.61591965 -0 -0.2551223 0.5
0 -0.6666666 -0 0
-0.2551223 -0 -0.61591965 0.5
lage 41
-0.6666667 0 -0 0.5
0 -0.6666667 0 0
0 -0 0.6666667 0.5
lage 42
0 -0 -0.6666666 0.5
-0 -0.6666666 -0 0
-0.6666666 0 -0 0.5
lage 43
-0.9994999 -0 -0 0.5
0 -0 0.9994999 0.5
0 0.9994999 -0 -0.49949992
lage 44
0 -0.99949986 -0 1.4994998
0 -0 0.99949986 0.5
-0.99949986 -0 -0 0.5
lage 45
0.9994999 -0 -0 0.5
0 -0 0.9994999 0.5
0 -0.9994999 -0 1.4994999
lage 46
0 0.99949986 -0 -0.49949986
0 -0 0.99949986 0.5
0.99949986 -0 -0 0.5
lage 47
0.9995 -0 -0 0.5
0 -0.9995 -0 1.4995
0 -0 -0.9995 0.5
lage 48
0.9995 -0 -0 0.5
0 0.9995 -0 -0.49949998
0 -0 0.9995 0.5
lage 49
1 -0 0 0.5
0 1 -0 0.5
0 0 1 0.5
lage 50
0 0 0.99999994 0.5
0.92387944 0.38268337 0 1.0146645
-0.38268337 0.92387944 0 0.38451508
lage 51
0 -0 -0.99999994 0.5
0.92387944 0.38268337 0 1.0146645
0.38268337 -0.92387944 0 0.61548495
lage 52
-0.3826834 0.9238795 0 0.38451505
0.9238795 0.3826834 0 1.0146645
0 0 -1 0.5
lage 53
0.3826834 -0.9238795 0 0.61548495
0.9238795 0.3826834 0 1.0146645
0 0 1 0.5
lage 54
1 0 0 0
0 1 0 0
0 0 1 0
lage 55
1 -0 0 0.5
0 1 -0 0
0 0 1 0.5
lage 56
-1 -0 0 0.5
0 1 -0 0
0 0 -1 0.5
lage 57
0 0 0.99999994 0.5
-0 0.99999994 0 0
-0.99999994 -0 0 0.5
lage 58
0 -0 -0.99999994 0.5
0 0.99999994 -0 0
0.99999994 0 0 0.5
lage 59
-1 0 0 1
0 1 0 0
0 0 -1 1
lage 60
0 0 0.99999994 2.9802322E-8
0 0.99999994 0 2.9802322E-8
-0.99999994 0 0 1
lage 61
0 0 -0.99999994 1
0 0.99999994 0 2.9802322E-8
0.99999994 0 0 2.9802322E-8
bild 0 0/0/0/0/ffffffff/-
bild 1 1/0/1/0/ffffffff/-
bild 2 2/0/2/0/ffffffff/-
bild 3 0/1/0/0/ffffffff/-
bild 4 1/1/1/0/ffffffff/-
bild 5 2/1/2/0/ffffffff/-
bild 6 0/2/0/0/ffffffff/-
bild 7 1/2/1/0/ffffffff/-
bild 8 2/2/2/0/ffffffff/-
bild 9 0/3/0/0/ffffffff/-
bild 10 1/3/1/0/ffffffff/-
bild 11 2/3/2/0/ffffffff/-
bild 12 3/4/3/1/ffffffff/-
bild 13 0/0/4/0/ffffffff/-
bild 14 0/1/4/0/ffffffff/-
bild 15 0/2/4/0/ffffffff/-
bild 16 0/3/4/0/ffffffff/-
bild 17 4/5/5/2/ffffffff/-
bild 18 4/6/5/2/ffffffff/-
bild 19 4/7/5/2/ffffffff/-
bild 20 4/8/5/2/ffffffff/-
bild 21 4/9/5/2/ffffffff/-
bild 22 4/10/5/2/ffffffff/-
bild 23 4/11/5/2/ffffffff/-
bild 24 4/12/5/2/ffffffff/-
bild 25 4/13/5/2/ffffffff/-
bild 26 4/14/5/2/ffffffff/-
bild 27 4/15/5/2/ffffffff/-
bild 28 4/16/5/2/ffffffff/-
bild 29 4/17/5/2/ffffffff/-
bild 30 4/18/5/2/ffffffff/-
bild 31 4/19/5/2/ffffffff/-
bild 32 4/20/5/2/ffffffff/-
bild 33 4/21/5/2/ffffffff/-
bild 34 4/22/5/2/ffffffff/-
bild 35 4/23/5/2/ffffffff/-
bild 36 4/24/5/2/ffffffff/-
bild 37 4/5/6/2/ffffffff/-
bild 38 4/6/6/2/ffffffff/-
bild 39 4/7/6/2/ffffffff/-
bild 40 4/8/6/2/ffffffff/-
bild 41 4/9/6/2/ffffffff/-
bild 42 4/10/6/2/ffffffff/-
bild 43 4/11/6/2/ffffffff/-
bild 44 4/12/6/2/ffffffff/-
bild 45 4/13/6/2/ffffffff/-
bild 46 4/14/6/2/ffffffff/-
bild 47 4/15/6/2/ffffffff/-
bild 48 4/16/6/2/ffffffff/-
bild 49 4/17/6/2/ffffffff/-
bild 50 4/18/6/2/ffffffff/-
bild 51 4/19/6/2/ffffffff/-
bild 52 4/20/6/2/ffffffff/-
bild 53 4/21/6/2/ffffffff/-
bild 54 4/22/6/2/ffffffff/-
bild 55 4/23/6/2/ffffffff/-
bild 56 4/24/6/2/ffffffff/-
bild 57 5/5/7/2/ffffffff/-
bild 58 5/6/7/2/ffffffff/-
bild 59 5/7/7/2/ffffffff/-
bild 60 5/8/7/2/ffffffff/-
bild 61 5/9/7/2/ffffffff/-
bild 62 5/10/7/2/ffffffff/-
bild 63 5/11/7/2/ffffffff/-
bild 64 5/12/7/2/ffffffff/-
bild 65 5/13/7/2/ffffffff/-
bild 66 5/14/7/2/ffffffff/-
bild 67 5/15/7/2/ffffffff/-
bild 68 5/16/7/2/ffffffff/-
bild 69 5/17/7/2/ffffffff/-
bild 70 5/18/7/2/ffffffff/-
bild 71 5/19/7/2/ffffffff/-
bild 72 5/20/7/2/ffffffff/-
bild 73 5/21/7/2/ffffffff/-
bild 74 5/22/7/2/ffffffff/-
bild 75 5/23/7/2/ffffffff/-
bild 76 5/24/7/2/ffffffff/-
bild 77 5/5/8/2/ffffffff/-
bild 78 5/6/8/2/ffffffff/-
bild 79 5/7/8/2/ffffffff/-
bild 80 5/8/8/2/ffffffff/-
bild 81 5/9/8/2/ffffffff/-
bild 82 5/10/8/2/ffffffff/-
bild 83 5/11/8/2/ffffffff/-
bild 84 5/12/8/2/ffffffff/-
bild 85 5/13/8/2/ffffffff/-
bild 86 5/14/8/2/ffffffff/-
bild 87 5/15/8/2/ffffffff/-
bild 88 5/16/8/2/ffffffff/-
bild 89 5/17/8/2/ffffffff/-
bild 90 5/18/8/2/ffffffff/-
bild 91 5/19/8/2/ffffffff/-
bild 92 5/20/8/2/ffffffff/-
bild 93 5/21/8/2/ffffffff/-
bild 94 5/22/8/2/ffffffff/-
bild 95 5/23/8/2/ffffffff/-
bild 96 5/24/8/2/ffffffff/-
bild 97 4/5/9/2/ffffffff/-
bild 98 4/6/9/2/ffffffff/-
bild 99 4/7/9/2/ffffffff/-
bild 100 4/8/9/2/ffffffff/-
bild 101 4/9/9/2/ffffffff/-
bild 102 4/10/9/2/ffffffff/-
bild 103 4/11/9/2/ffffffff/-
bild 104 4/12/9/2/ffffffff/-
bild 105 4/13/9/2/ffffffff/-
bild 106 4/14/9/2/ffffffff/-
bild 107 4/15/9/2/ffffffff/-
bild 108 4/16/9/2/ffffffff/-
bild 109 4/17/9/2/ffffffff/-
bild 110 4/18/9/2/ffffffff/-
bild 111 4/19/9/2/ffffffff/-
bild 112 4/20/9/2/ffffffff/-
bild 113 4/21/9/2/ffffffff/-
bild 114 4/22/9/2/ffffffff/-
bild 115 4/23/9/2/ffffffff/-
bild 116 4/24/9/2/ffffffff/-
bild 117 6/5/10/2/ffffffff/-
bild 118 6/6/10/2/ffffffff/-
bild 119 6/7/10/2/ffffffff/-
bild 120 6/8/10/2/ffffffff/-
bild 121 6/9/10/2/ffffffff/-
bild 122 6/10/10/2/ffffffff/-
bild 123 6/11/10/2/ffffffff/-
bild 124 6/12/10/2/ffffffff/-
bild 125 6/13/10/2/ffffffff/-
bild 126 6/14/10/2/ffffffff/-
bild 127 6/15/10/2/ffffffff/-
bild 128 6/16/10/2/ffffffff/-
bild 129 6/17/10/2/ffffffff/-
bild 130 6/18/10/2/ffffffff/-
bild 131 6/19/10/2/ffffffff/-
bild 132 6/20/10/2/ffffffff/-
bild 133 6/21/10/2/ffffffff/-
bild 134 6/22/10/2/ffffffff/-
bild 135 6/23/10/2/ffffffff/-
bild 136 6/24/10/2/ffffffff/-
bild 137 7/5/11/2/ffffffff/-
bild 138 7/6/11/2/ffffffff/-
bild 139 7/7/11/2/ffffffff/-
bild 140 7/8/11/2/ffffffff/-
bild 141 7/9/11/2/ffffffff/-
bild 142 7/10/11/2/ffffffff/-
bild 143 7/11/11/2/ffffffff/-
bild 144 7/12/11/2/ffffffff/-
bild 145 7/13/11/2/ffffffff/-
bild 146 7/14/11/2/ffffffff/-
bild 147 7/15/11/2/ffffffff/-
bild 148 7/16/11/2/ffffffff/-
bild 149 7/17/11/2/ffffffff/-
bild 150 7/18/11/2/ffffffff/-
bild 151 7/19/11/2/ffffffff/-
bild 152 7/20/11/2/ffffffff/-
bild 153 7/21/11/2/ffffffff/-
bild 154 7/22/11/2/ffffffff/-
bild 155 7/23/11/2/ffffffff/-
bild 156 7/24/11/2/ffffffff/-
bild 157 0/0/12/0/ffffffff/-
bild 158 1/0/13/0/ffffffff/-
bild 159 2/0/14/0/ffffffff/-
bild 160 0/1/12/0/ffffffff/-
bild 161 1/1/13/0/ffffffff/-
bild 162 2/1/14/0/ffffffff/-
bild 163 0/2/12/0/ffffffff/-
bild 164 1/2/13/0/ffffffff/-
bild 165 2/2/14/0/ffffffff/-
bild 166 0/3/12/0/ffffffff/-
bild 167 1/3/13/0/ffffffff/-
bild 168 2/3/14/0/ffffffff/-
bild 169 8/25/15/1/ffffffff/- 9/25/15/1/ffffffff/- 9/25/16/3/fff9fffe/muster
bild 170 8/26/15/1/ffffffff/- 9/26/15/1/ffffffff/- 9/26/16/3/fff9fffe/muster
bild 171 8/27/15/1/ffffffff/- 9/27/15/1/ffffffff/- 9/27/16/3/fff9fffe/muster
bild 172 8/28/15/1/ffffffff/- 9/28/15/1/ffffffff/- 9/28/16/3/fff9fffe/muster
bild 173 8/29/15/1/ffffffff/- 9/29/15/1/ffffffff/- 9/29/16/3/fff9fffe/muster
bild 174 8/30/15/1/ffffffff/- 9/30/15/1/ffffffff/- 9/30/16/3/fff9fffe/muster
bild 175 8/31/15/1/ffffffff/- 9/31/15/1/ffffffff/- 9/31/16/3/fff9fffe/muster
bild 176 8/32/15/1/ffffffff/- 9/32/15/1/ffffffff/- 9/32/16/3/fff9fffe/muster
bild 177 8/33/15/1/ffffffff/- 9/33/15/1/ffffffff/- 9/33/16/3/fff9fffe/muster
bild 178 8/34/15/1/ffffffff/- 9/34/15/1/ffffffff/- 9/34/16/3/fff9fffe/muster
bild 179 8/35/15/1/ffffffff/- 9/35/15/1/ffffffff/- 9/35/16/3/fff9fffe/muster
bild 180 8/36/15/1/ffffffff/- 9/36/15/1/ffffffff/- 9/36/16/3/fff9fffe/muster
bild 181 8/37/15/1/ffffffff/- 9/37/15/1/ffffffff/- 9/37/16/3/fff9fffe/muster
bild 182 8/38/15/1/ffffffff/- 9/38/15/1/ffffffff/- 9/38/16/3/fff9fffe/muster
bild 183 8/39/15/1/ffffffff/- 9/39/15/1/ffffffff/- 9/39/16/3/fff9fffe/muster
bild 184 8/40/15/1/ffffffff/- 9/40/15/1/ffffffff/- 9/40/16/3/fff9fffe/muster
bild 185 8/25/15/1/ffffffff/- 9/25/15/1/ffffffff/- 9/25/16/3/fff9801d/muster
bild 186 8/26/15/1/ffffffff/- 9/26/15/1/ffffffff/- 9/26/16/3/fff9801d/muster
bild 187 8/27/15/1/ffffffff/- 9/27/15/1/ffffffff/- 9/27/16/3/fff9801d/muster
bild 188 8/28/15/1/ffffffff/- 9/28/15/1/ffffffff/- 9/28/16/3/fff9801d/muster
bild 189 8/29/15/1/ffffffff/- 9/29/15/1/ffffffff/- 9/29/16/3/fff9801d/muster
bild 190 8/30/15/1/ffffffff/- 9/30/15/1/ffffffff/- 9/30/16/3/fff9801d/muster
bild 191 8/31/15/1/ffffffff/- 9/31/15/1/ffffffff/- 9/31/16/3/fff9801d/muster
bild 192 8/32/15/1/ffffffff/- 9/32/15/1/ffffffff/- 9/32/16/3/fff9801d/muster
bild 193 8/33/15/1/ffffffff/- 9/33/15/1/ffffffff/- 9/33/16/3/fff9801d/muster
bild 194 8/34/15/1/ffffffff/- 9/34/15/1/ffffffff/- 9/34/16/3/fff9801d/muster
bild 195 8/35/15/1/ffffffff/- 9/35/15/1/ffffffff/- 9/35/16/3/fff9801d/muster
bild 196 8/36/15/1/ffffffff/- 9/36/15/1/ffffffff/- 9/36/16/3/fff9801d/muster
bild 197 8/37/15/1/ffffffff/- 9/37/15/1/ffffffff/- 9/37/16/3/fff9801d/muster
bild 198 8/38/15/1/ffffffff/- 9/38/15/1/ffffffff/- 9/38/16/3/fff9801d/muster
bild 199 8/39/15/1/ffffffff/- 9/39/15/1/ffffffff/- 9/39/16/3/fff9801d/muster
bild 200 8/40/15/1/ffffffff/- 9/40/15/1/ffffffff/- 9/40/16/3/fff9801d/muster
bild 201 8/25/15/1/ffffffff/- 9/25/15/1/ffffffff/- 9/25/16/3/ffc74ebd/muster
bild 202 8/26/15/1/ffffffff/- 9/26/15/1/ffffffff/- 9/26/16/3/ffc74ebd/muster
bild 203 8/27/15/1/ffffffff/- 9/27/15/1/ffffffff/- 9/27/16/3/ffc74ebd/muster
bild 204 8/28/15/1/ffffffff/- 9/28/15/1/ffffffff/- 9/28/16/3/ffc74ebd/muster
bild 205 8/29/15/1/ffffffff/- 9/29/15/1/ffffffff/- 9/29/16/3/ffc74ebd/muster
bild 206 8/30/15/1/ffffffff/- 9/30/15/1/ffffffff/- 9/30/16/3/ffc74ebd/muster
bild 207 8/31/15/1/ffffffff/- 9/31/15/1/ffffffff/- 9/31/16/3/ffc74ebd/muster
bild 208 8/32/15/1/ffffffff/- 9/32/15/1/ffffffff/- 9/32/16/3/ffc74ebd/muster
bild 209 8/33/15/1/ffffffff/- 9/33/15/1/ffffffff/- 9/33/16/3/ffc74ebd/muster
bild 210 8/34/15/1/ffffffff/- 9/34/15/1/ffffffff/- 9/34/16/3/ffc74ebd/muster
bild 211 8/35/15/1/ffffffff/- 9/35/15/1/ffffffff/- 9/35/16/3/ffc74ebd/muster
bild 212 8/36/15/1/ffffffff/- 9/36/15/1/ffffffff/- 9/36/16/3/ffc74ebd/muster
bild 213 8/37/15/1/ffffffff/- 9/37/15/1/ffffffff/- 9/37/16/3/ffc74ebd/muster
bild 214 8/38/15/1/ffffffff/- 9/38/15/1/ffffffff/- 9/38/16/3/ffc74ebd/muster
bild 215 8/39/15/1/ffffffff/- 9/39/15/1/ffffffff/- 9/39/16/3/ffc74ebd/muster
bild 216 8/40/15/1/ffffffff/- 9/40/15/1/ffffffff/- 9/40/16/3/ffc74ebd/muster
bild 217 8/25/15/1/ffffffff/- 9/25/15/1/ffffffff/- 9/25/16/3/ff3ab3da/muster
bild 218 8/26/15/1/ffffffff/- 9/26/15/1/ffffffff/- 9/26/16/3/ff3ab3da/muster
bild 219 8/27/15/1/ffffffff/- 9/27/15/1/ffffffff/- 9/27/16/3/ff3ab3da/muster
bild 220 8/28/15/1/ffffffff/- 9/28/15/1/ffffffff/- 9/28/16/3/ff3ab3da/muster
bild 221 8/29/15/1/ffffffff/- 9/29/15/1/ffffffff/- 9/29/16/3/ff3ab3da/muster
bild 222 8/30/15/1/ffffffff/- 9/30/15/1/ffffffff/- 9/30/16/3/ff3ab3da/muster
bild 223 8/31/15/1/ffffffff/- 9/31/15/1/ffffffff/- 9/31/16/3/ff3ab3da/muster
bild 224 8/32/15/1/ffffffff/- 9/32/15/1/ffffffff/- 9/32/16/3/ff3ab3da/muster
bild 225 8/33/15/1/ffffffff/- 9/33/15/1/ffffffff/- 9/33/16/3/ff3ab3da/muster
bild 226 8/34/15/1/ffffffff/- 9/34/15/1/ffffffff/- 9/34/16/3/ff3ab3da/muster
bild 227 8/35/15/1/ffffffff/- 9/35/15/1/ffffffff/- 9/35/16/3/ff3ab3da/muster
bild 228 8/36/15/1/ffffffff/- 9/36/15/1/ffffffff/- 9/36/16/3/ff3ab3da/muster
bild 229 8/37/15/1/ffffffff/- 9/37/15/1/ffffffff/- 9/37/16/3/ff3ab3da/muster
bild 230 8/38/15/1/ffffffff/- 9/38/15/1/ffffffff/- 9/38/16/3/ff3ab3da/muster
bild 231 8/39/15/1/ffffffff/- 9/39/15/1/ffffffff/- 9/39/16/3/ff3ab3da/muster
bild 232 8/40/15/1/ffffffff/- 9/40/15/1/ffffffff/- 9/40/16/3/ff3ab3da/muster
bild 233 8/25/15/1/ffffffff/- 9/25/15/1/ffffffff/- 9/25/16/3/fffed83d/muster
bild 234 8/26/15/1/ffffffff/- 9/26/15/1/ffffffff/- 9/26/16/3/fffed83d/muster
bild 235 8/27/15/1/ffffffff/- 9/27/15/1/ffffffff/- 9/27/16/3/fffed83d/muster
bild 236 8/28/15/1/ffffffff/- 9/28/15/1/ffffffff/- 9/28/16/3/fffed83d/muster
bild 237 8/29/15/1/ffffffff/- 9/29/15/1/ffffffff/- 9/29/16/3/fffed83d/muster
bild 238 8/30/15/1/ffffffff/- 9/30/15/1/ffffffff/- 9/30/16/3/fffed83d/muster
bild 239 8/31/15/1/ffffffff/- 9/31/15/1/ffffffff/- 9/31/16/3/fffed83d/muster
bild 240 8/32/15/1/ffffffff/- 9/32/15/1/ffffffff/- 9/32/16/3/fffed83d/muster
bild 241 8/33/15/1/ffffffff/- 9/33/15/1/ffffffff/- 9/33/16/3/fffed83d/muster
bild 242 8/34/15/1/ffffffff/- 9/34/15/1/ffffffff/- 9/34/16/3/fffed83d/muster
bild 243 8/35/15/1/ffffffff/- 9/35/15/1/ffffffff/- 9/35/16/3/fffed83d/muster
bild 244 8/36/15/1/ffffffff/- 9/36/15/1/ffffffff/- 9/36/16/3/fffed83d/muster
bild 245 8/37/15/1/ffffffff/- 9/37/15/1/ffffffff/- 9/37/16/3/fffed83d/muster
bild 246 8/38/15/1/ffffffff/- 9/38/15/1/ffffffff/- 9/38/16/3/fffed83d/muster
bild 247 8/39/15/1/ffffffff/- 9/39/15/1/ffffffff/- 9/39/16/3/fffed83d/muster
bild 248 8/40/15/1/ffffffff/- 9/40/15/1/ffffffff/- 9/40/16/3/fffed83d/muster
bild 249 8/25/15/1/ffffffff/- 9/25/15/1/ffffffff/- 9/25/16/3/ff80c71f/muster
bild 250 8/26/15/1/ffffffff/- 9/26/15/1/ffffffff/- 9/26/16/3/ff80c71f/muster
bild 251 8/27/15/1/ffffffff/- 9/27/15/1/ffffffff/- 9/27/16/3/ff80c71f/muster
bild 252 8/28/15/1/ffffffff/- 9/28/15/1/ffffffff/- 9/28/16/3/ff80c71f/muster
bild 253 8/29/15/1/ffffffff/- 9/29/15/1/ffffffff/- 9/29/16/3/ff80c71f/muster
bild 254 8/30/15/1/ffffffff/- 9/30/15/1/ffffffff/- 9/30/16/3/ff80c71f/muster
bild 255 8/31/15/1/ffffffff/- 9/31/15/1/ffffffff/- 9/31/16/3/ff80c71f/muster
bild 256 8/32/15/1/ffffffff/- 9/32/15/1/ffffffff/- 9/32/16/3/ff80c71f/muster
bild 257 8/33/15/1/ffffffff/- 9/33/15/1/ffffffff/- 9/33/16/3/ff80c71f/muster
bild 258 8/34/15/1/ffffffff/- 9/34/15/1/ffffffff/- 9/34/16/3/ff80c71f/muster
bild 259 8/35/15/1/ffffffff/- 9/35/15/1/ffffffff/- 9/35/16/3/ff80c71f/muster
bild 260 8/36/15/1/ffffffff/- 9/36/15/1/ffffffff/- 9/36/16/3/ff80c71f/muster
bild 261 8/37/15/1/ffffffff/- 9/37/15/1/ffffffff/- 9/37/16/3/ff80c71f/muster
bild 262 8/38/15/1/ffffffff/- 9/38/15/1/ffffffff/- 9/38/16/3/ff80c71f/muster
bild 263 8/39/15/1/ffffffff/- 9/39/15/1/ffffffff/- 9/39/16/3/ff80c71f/muster
bild 264 8/40/15/1/ffffffff/- 9/40/15/1/ffffffff/- 9/40/16/3/ff80c71f/muster
bild 265 8/25/15/1/ffffffff/- 9/25/15/1/ffffffff/- 9/25/16/3/fff38baa/muster
bild 266 8/26/15/1/ffffffff/- 9/26/15/1/ffffffff/- 9/26/16/3/fff38baa/muster
bild 267 8/27/15/1/ffffffff/- 9/27/15/1/ffffffff/- 9/27/16/3/fff38baa/muster
bild 268 8/28/15/1/ffffffff/- 9/28/15/1/ffffffff/- 9/28/16/3/fff38baa/muster
bild 269 8/29/15/1/ffffffff/- 9/29/15/1/ffffffff/- 9/29/16/3/fff38baa/muster
bild 270 8/30/15/1/ffffffff/- 9/30/15/1/ffffffff/- 9/30/16/3/fff38baa/muster
bild 271 8/31/15/1/ffffffff/- 9/31/15/1/ffffffff/- 9/31/16/3/fff38baa/muster
bild 272 8/32/15/1/ffffffff/- 9/32/15/1/ffffffff/- 9/32/16/3/fff38baa/muster
bild 273 8/33/15/1/ffffffff/- 9/33/15/1/ffffffff/- 9/33/16/3/fff38baa/muster
bild 274 8/34/15/1/ffffffff/- 9/34/15/1/ffffffff/- 9/34/16/3/fff38baa/muster
bild 275 8/35/15/1/ffffffff/- 9/35/15/1/ffffffff/- 9/35/16/3/fff38baa/muster
bild 276 8/36/15/1/ffffffff/- 9/36/15/1/ffffffff/- 9/36/16/3/fff38baa/muster
bild 277 8/37/15/1/ffffffff/- 9/37/15/1/ffffffff/- 9/37/16/3/fff38baa/muster
bild 278 8/38/15/1/ffffffff/- 9/38/15/1/ffffffff/- 9/38/16/3/fff38baa/muster
bild 279 8/39/15/1/ffffffff/- 9/39/15/1/ffffffff/- 9/39/16/3/fff38baa/muster
bild 280 8/40/15/1/ffffffff/- 9/40/15/1/ffffffff/- 9/40/16/3/fff38baa/muster
bild 281 8/25/15/1/ffffffff/- 9/25/15/1/ffffffff/- 9/25/16/3/ff474f52/muster
bild 282 8/26/15/1/ffffffff/- 9/26/15/1/ffffffff/- 9/26/16/3/ff474f52/muster
bild 283 8/27/15/1/ffffffff/- 9/27/15/1/ffffffff/- 9/27/16/3/ff474f52/muster
bild 284 8/28/15/1/ffffffff/- 9/28/15/1/ffffffff/- 9/28/16/3/ff474f52/muster
bild 285 8/29/15/1/ffffffff/- 9/29/15/1/ffffffff/- 9/29/16/3/ff474f52/muster
bild 286 8/30/15/1/ffffffff/- 9/30/15/1/ffffffff/- 9/30/16/3/ff474f52/muster
bild 287 8/31/15/1/ffffffff/- 9/31/15/1/ffffffff/- 9/31/16/3/ff474f52/muster
bild 288 8/32/15/1/ffffffff/- 9/32/15/1/ffffffff/- 9/32/16/3/ff474f52/muster
bild 289 8/33/15/1/ffffffff/- 9/33/15/1/ffffffff/- 9/33/16/3/ff474f52/muster
bild 290 8/34/15/1/ffffffff/- 9/34/15/1/ffffffff/- 9/34/16/3/ff474f52/muster
bild 291 8/35/15/1/ffffffff/- 9/35/15/1/ffffffff/- 9/35/16/3/ff474f52/muster
bild 292 8/36/15/1/ffffffff/- 9/36/15/1/ffffffff/- 9/36/16/3/ff474f52/muster
bild 293 8/37/15/1/ffffffff/- 9/37/15/1/ffffffff/- 9/37/16/3/ff474f52/muster
bild 294 8/38/15/1/ffffffff/- 9/38/15/1/ffffffff/- 9/38/16/3/ff474f52/muster
bild 295 8/39/15/1/ffffffff/- 9/39/15/1/ffffffff/- 9/39/16/3/ff474f52/muster
bild 296 8/40/15/1/ffffffff/- 9/40/15/1/ffffffff/- 9/40/16/3/ff474f52/muster
bild 297 8/25/15/1/ffffffff/- 9/25/15/1/ffffffff/- 9/25/16/3/ff9d9d97/muster
bild 298 8/26/15/1/ffffffff/- 9/26/15/1/ffffffff/- 9/26/16/3/ff9d9d97/muster
bild 299 8/27/15/1/ffffffff/- 9/27/15/1/ffffffff/- 9/27/16/3/ff9d9d97/muster
bild 300 8/28/15/1/ffffffff/- 9/28/15/1/ffffffff/- 9/28/16/3/ff9d9d97/muster
bild 301 8/29/15/1/ffffffff/- 9/29/15/1/ffffffff/- 9/29/16/3/ff9d9d97/muster
bild 302 8/30/15/1/ffffffff/- 9/30/15/1/ffffffff/- 9/30/16/3/ff9d9d97/muster
bild 303 8/31/15/1/ffffffff/- 9/31/15/1/ffffffff/- 9/31/16/3/ff9d9d97/muster
bild 304 8/32/15/1/ffffffff/- 9/32/15/1/ffffffff/- 9/32/16/3/ff9d9d97/muster
bild 305 8/33/15/1/ffffffff/- 9/33/15/1/ffffffff/- 9/33/16/3/ff9d9d97/muster
bild 306 8/34/15/1/ffffffff/- 9/34/15/1/ffffffff/- 9/34/16/3/ff9d9d97/muster
bild 307 8/35/15/1/ffffffff/- 9/35/15/1/ffffffff/- 9/35/16/3/ff9d9d97/muster
bild 308 8/36/15/1/ffffffff/- 9/36/15/1/ffffffff/- 9/36/16/3/ff9d9d97/muster
bild 309 8/37/15/1/ffffffff/- 9/37/15/1/ffffffff/- 9/37/16/3/ff9d9d97/muster
bild 310 8/38/15/1/ffffffff/- 9/38/15/1/ffffffff/- 9/38/16/3/ff9d9d97/muster
bild 311 8/39/15/1/ffffffff/- 9/39/15/1/ffffffff/- 9/39/16/3/ff9d9d97/muster
bild 312 8/40/15/1/ffffffff/- 9/40/15/1/ffffffff/- 9/40/16/3/ff9d9d97/muster
bild 313 8/25/15/1/ffffffff/- 9/25/15/1/ffffffff/- 9/25/16/3/ff169c9c/muster
bild 314 8/26/15/1/ffffffff/- 9/26/15/1/ffffffff/- 9/26/16/3/ff169c9c/muster
bild 315 8/27/15/1/ffffffff/- 9/27/15/1/ffffffff/- 9/27/16/3/ff169c9c/muster
bild 316 8/28/15/1/ffffffff/- 9/28/15/1/ffffffff/- 9/28/16/3/ff169c9c/muster
bild 317 8/29/15/1/ffffffff/- 9/29/15/1/ffffffff/- 9/29/16/3/ff169c9c/muster
bild 318 8/30/15/1/ffffffff/- 9/30/15/1/ffffffff/- 9/30/16/3/ff169c9c/muster
bild 319 8/31/15/1/ffffffff/- 9/31/15/1/ffffffff/- 9/31/16/3/ff169c9c/muster
bild 320 8/32/15/1/ffffffff/- 9/32/15/1/ffffffff/- 9/32/16/3/ff169c9c/muster
bild 321 8/33/15/1/ffffffff/- 9/33/15/1/ffffffff/- 9/33/16/3/ff169c9c/muster
bild 322 8/34/15/1/ffffffff/- 9/34/15/1/ffffffff/- 9/34/16/3/ff169c9c/muster
bild 323 8/35/15/1/ffffffff/- 9/35/15/1/ffffffff/- 9/35/16/3/ff169c9c/muster
bild 324 8/36/15/1/ffffffff/- 9/36/15/1/ffffffff/- 9/36/16/3/ff169c9c/muster
bild 325 8/37/15/1/ffffffff/- 9/37/15/1/ffffffff/- 9/37/16/3/ff169c9c/muster
bild 326 8/38/15/1/ffffffff/- 9/38/15/1/ffffffff/- 9/38/16/3/ff169c9c/muster
bild 327 8/39/15/1/ffffffff/- 9/39/15/1/ffffffff/- 9/39/16/3/ff169c9c/muster
bild 328 8/40/15/1/ffffffff/- 9/40/15/1/ffffffff/- 9/40/16/3/ff169c9c/muster
bild 329 8/25/15/1/ffffffff/- 9/25/15/1/ffffffff/- 9/25/16/3/ff8932b8/muster
bild 330 8/26/15/1/ffffffff/- 9/26/15/1/ffffffff/- 9/26/16/3/ff8932b8/muster
bild 331 8/27/15/1/ffffffff/- 9/27/15/1/ffffffff/- 9/27/16/3/ff8932b8/muster
bild 332 8/28/15/1/ffffffff/- 9/28/15/1/ffffffff/- 9/28/16/3/ff8932b8/muster
bild 333 8/29/15/1/ffffffff/- 9/29/15/1/ffffffff/- 9/29/16/3/ff8932b8/muster
bild 334 8/30/15/1/ffffffff/- 9/30/15/1/ffffffff/- 9/30/16/3/ff8932b8/muster
bild 335 8/31/15/1/ffffffff/- 9/31/15/1/ffffffff/- 9/31/16/3/ff8932b8/muster
bild 336 8/32/15/1/ffffffff/- 9/32/15/1/ffffffff/- 9/32/16/3/ff8932b8/muster
bild 337 8/33/15/1/ffffffff/- 9/33/15/1/ffffffff/- 9/33/16/3/ff8932b8/muster
bild 338 8/34/15/1/ffffffff/- 9/34/15/1/ffffffff/- 9/34/16/3/ff8932b8/muster
bild 339 8/35/15/1/ffffffff/- 9/35/15/1/ffffffff/- 9/35/16/3/ff8932b8/muster
bild 340 8/36/15/1/ffffffff/- 9/36/15/1/ffffffff/- 9/36/16/3/ff8932b8/muster
bild 341 8/37/15/1/ffffffff/- 9/37/15/1/ffffffff/- 9/37/16/3/ff8932b8/muster
bild 342 8/38/15/1/ffffffff/- 9/38/15/1/ffffffff/- 9/38/16/3/ff8932b8/muster
bild 343 8/39/15/1/ffffffff/- 9/39/15/1/ffffffff/- 9/39/16/3/ff8932b8/muster
bild 344 8/40/15/1/ffffffff/- 9/40/15/1/ffffffff/- 9/40/16/3/ff8932b8/muster
bild 345 8/25/15/1/ffffffff/- 9/25/15/1/ffffffff/- 9/25/16/3/ff3c44aa/muster
bild 346 8/26/15/1/ffffffff/- 9/26/15/1/ffffffff/- 9/26/16/3/ff3c44aa/muster
bild 347 8/27/15/1/ffffffff/- 9/27/15/1/ffffffff/- 9/27/16/3/ff3c44aa/muster
bild 348 8/28/15/1/ffffffff/- 9/28/15/1/ffffffff/- 9/28/16/3/ff3c44aa/muster
bild 349 8/29/15/1/ffffffff/- 9/29/15/1/ffffffff/- 9/29/16/3/ff3c44aa/muster
bild 350 8/30/15/1/ffffffff/- 9/30/15/1/ffffffff/- 9/30/16/3/ff3c44aa/muster
bild 351 8/31/15/1/ffffffff/- 9/31/15/1/ffffffff/- 9/31/16/3/ff3c44aa/muster
bild 352 8/32/15/1/ffffffff/- 9/32/15/1/ffffffff/- 9/32/16/3/ff3c44aa/muster
bild 353 8/33/15/1/ffffffff/- 9/33/15/1/ffffffff/- 9/33/16/3/ff3c44aa/muster
bild 354 8/34/15/1/ffffffff/- 9/34/15/1/ffffffff/- 9/34/16/3/ff3c44aa/muster
bild 355 8/35/15/1/ffffffff/- 9/35/15/1/ffffffff/- 9/35/16/3/ff3c44aa/muster
bild 356 8/36/15/1/ffffffff/- 9/36/15/1/ffffffff/- 9/36/16/3/ff3c44aa/muster
bild 357 8/37/15/1/ffffffff/- 9/37/15/1/ffffffff/- 9/37/16/3/ff3c44aa/muster
bild 358 8/38/15/1/ffffffff/- 9/38/15/1/ffffffff/- 9/38/16/3/ff3c44aa/muster
bild 359 8/39/15/1/ffffffff/- 9/39/15/1/ffffffff/- 9/39/16/3/ff3c44aa/muster
bild 360 8/40/15/1/ffffffff/- 9/40/15/1/ffffffff/- 9/40/16/3/ff3c44aa/muster
bild 361 8/25/15/1/ffffffff/- 9/25/15/1/ffffffff/- 9/25/16/3/ff835432/muster
bild 362 8/26/15/1/ffffffff/- 9/26/15/1/ffffffff/- 9/26/16/3/ff835432/muster
bild 363 8/27/15/1/ffffffff/- 9/27/15/1/ffffffff/- 9/27/16/3/ff835432/muster
bild 364 8/28/15/1/ffffffff/- 9/28/15/1/ffffffff/- 9/28/16/3/ff835432/muster
bild 365 8/29/15/1/ffffffff/- 9/29/15/1/ffffffff/- 9/29/16/3/ff835432/muster
bild 366 8/30/15/1/ffffffff/- 9/30/15/1/ffffffff/- 9/30/16/3/ff835432/muster
bild 367 8/31/15/1/ffffffff/- 9/31/15/1/ffffffff/- 9/31/16/3/ff835432/muster
bild 368 8/32/15/1/ffffffff/- 9/32/15/1/ffffffff/- 9/32/16/3/ff835432/muster
bild 369 8/33/15/1/ffffffff/- 9/33/15/1/ffffffff/- 9/33/16/3/ff835432/muster
bild 370 8/34/15/1/ffffffff/- 9/34/15/1/ffffffff/- 9/34/16/3/ff835432/muster
bild 371 8/35/15/1/ffffffff/- 9/35/15/1/ffffffff/- 9/35/16/3/ff835432/muster
bild 372 8/36/15/1/ffffffff/- 9/36/15/1/ffffffff/- 9/36/16/3/ff835432/muster
bild 373 8/37/15/1/ffffffff/- 9/37/15/1/ffffffff/- 9/37/16/3/ff835432/muster
bild 374 8/38/15/1/ffffffff/- 9/38/15/1/ffffffff/- 9/38/16/3/ff835432/muster
bild 375 8/39/15/1/ffffffff/- 9/39/15/1/ffffffff/- 9/39/16/3/ff835432/muster
bild 376 8/40/15/1/ffffffff/- 9/40/15/1/ffffffff/- 9/40/16/3/ff835432/muster
bild 377 8/25/15/1/ffffffff/- 9/25/15/1/ffffffff/- 9/25/16/3/ff5e7c16/muster
bild 378 8/26/15/1/ffffffff/- 9/26/15/1/ffffffff/- 9/26/16/3/ff5e7c16/muster
bild 379 8/27/15/1/ffffffff/- 9/27/15/1/ffffffff/- 9/27/16/3/ff5e7c16/muster
bild 380 8/28/15/1/ffffffff/- 9/28/15/1/ffffffff/- 9/28/16/3/ff5e7c16/muster
bild 381 8/29/15/1/ffffffff/- 9/29/15/1/ffffffff/- 9/29/16/3/ff5e7c16/muster
bild 382 8/30/15/1/ffffffff/- 9/30/15/1/ffffffff/- 9/30/16/3/ff5e7c16/muster
bild 383 8/31/15/1/ffffffff/- 9/31/15/1/ffffffff/- 9/31/16/3/ff5e7c16/muster
bild 384 8/32/15/1/ffffffff/- 9/32/15/1/ffffffff/- 9/32/16/3/ff5e7c16/muster
bild 385 8/33/15/1/ffffffff/- 9/33/15/1/ffffffff/- 9/33/16/3/ff5e7c16/muster
bild 386 8/34/15/1/ffffffff/- 9/34/15/1/ffffffff/- 9/34/16/3/ff5e7c16/muster
bild 387 8/35/15/1/ffffffff/- 9/35/15/1/ffffffff/- 9/35/16/3/ff5e7c16/muster
bild 388 8/36/15/1/ffffffff/- 9/36/15/1/ffffffff/- 9/36/16/3/ff5e7c16/muster
bild 389 8/37/15/1/ffffffff/- 9/37/15/1/ffffffff/- 9/37/16/3/ff5e7c16/muster
bild 390 8/38/15/1/ffffffff/- 9/38/15/1/ffffffff/- 9/38/16/3/ff5e7c16/muster
bild 391 8/39/15/1/ffffffff/- 9/39/15/1/ffffffff/- 9/39/16/3/ff5e7c16/muster
bild 392 8/40/15/1/ffffffff/- 9/40/15/1/ffffffff/- 9/40/16/3/ff5e7c16/muster
bild 393 8/25/15/1/ffffffff/- 9/25/15/1/ffffffff/- 9/25/16/3/ffb02e26/muster
bild 394 8/26/15/1/ffffffff/- 9/26/15/1/ffffffff/- 9/26/16/3/ffb02e26/muster
bild 395 8/27/15/1/ffffffff/- 9/27/15/1/ffffffff/- 9/27/16/3/ffb02e26/muster
bild 396 8/28/15/1/ffffffff/- 9/28/15/1/ffffffff/- 9/28/16/3/ffb02e26/muster
bild 397 8/29/15/1/ffffffff/- 9/29/15/1/ffffffff/- 9/29/16/3/ffb02e26/muster
bild 398 8/30/15/1/ffffffff/- 9/30/15/1/ffffffff/- 9/30/16/3/ffb02e26/muster
bild 399 8/31/15/1/ffffffff/- 9/31/15/1/ffffffff/- 9/31/16/3/ffb02e26/muster
bild 400 8/32/15/1/ffffffff/- 9/32/15/1/ffffffff/- 9/32/16/3/ffb02e26/muster
bild 401 8/33/15/1/ffffffff/- 9/33/15/1/ffffffff/- 9/33/16/3/ffb02e26/muster
bild 402 8/34/15/1/ffffffff/- 9/34/15/1/ffffffff/- 9/34/16/3/ffb02e26/muster
bild 403 8/35/15/1/ffffffff/- 9/35/15/1/ffffffff/- 9/35/16/3/ffb02e26/muster
bild 404 8/36/15/1/ffffffff/- 9/36/15/1/ffffffff/- 9/36/16/3/ffb02e26/muster
bild 405 8/37/15/1/ffffffff/- 9/37/15/1/ffffffff/- 9/37/16/3/ffb02e26/muster
bild 406 8/38/15/1/ffffffff/- 9/38/15/1/ffffffff/- 9/38/16/3/ffb02e26/muster
bild 407 8/39/15/1/ffffffff/- 9/39/15/1/ffffffff/- 9/39/16/3/ffb02e26/muster
bild 408 8/40/15/1/ffffffff/- 9/40/15/1/ffffffff/- 9/40/16/3/ffb02e26/muster
bild 409 8/25/15/1/ffffffff/- 9/25/15/1/ffffffff/- 9/25/16/3/ff1d1d21/muster
bild 410 8/26/15/1/ffffffff/- 9/26/15/1/ffffffff/- 9/26/16/3/ff1d1d21/muster
bild 411 8/27/15/1/ffffffff/- 9/27/15/1/ffffffff/- 9/27/16/3/ff1d1d21/muster
bild 412 8/28/15/1/ffffffff/- 9/28/15/1/ffffffff/- 9/28/16/3/ff1d1d21/muster
bild 413 8/29/15/1/ffffffff/- 9/29/15/1/ffffffff/- 9/29/16/3/ff1d1d21/muster
bild 414 8/30/15/1/ffffffff/- 9/30/15/1/ffffffff/- 9/30/16/3/ff1d1d21/muster
bild 415 8/31/15/1/ffffffff/- 9/31/15/1/ffffffff/- 9/31/16/3/ff1d1d21/muster
bild 416 8/32/15/1/ffffffff/- 9/32/15/1/ffffffff/- 9/32/16/3/ff1d1d21/muster
bild 417 8/33/15/1/ffffffff/- 9/33/15/1/ffffffff/- 9/33/16/3/ff1d1d21/muster
bild 418 8/34/15/1/ffffffff/- 9/34/15/1/ffffffff/- 9/34/16/3/ff1d1d21/muster
bild 419 8/35/15/1/ffffffff/- 9/35/15/1/ffffffff/- 9/35/16/3/ff1d1d21/muster
bild 420 8/36/15/1/ffffffff/- 9/36/15/1/ffffffff/- 9/36/16/3/ff1d1d21/muster
bild 421 8/37/15/1/ffffffff/- 9/37/15/1/ffffffff/- 9/37/16/3/ff1d1d21/muster
bild 422 8/38/15/1/ffffffff/- 9/38/15/1/ffffffff/- 9/38/16/3/ff1d1d21/muster
bild 423 8/39/15/1/ffffffff/- 9/39/15/1/ffffffff/- 9/39/16/3/ff1d1d21/muster
bild 424 8/40/15/1/ffffffff/- 9/40/15/1/ffffffff/- 9/40/16/3/ff1d1d21/muster
bild 425 10/41/15/1/ffffffff/- 11/41/15/1/ffffffff/- 11/41/16/3/fff9fffe/muster
bild 426 10/25/15/1/ffffffff/- 11/25/15/1/ffffffff/- 11/25/16/3/fff9fffe/muster
bild 427 10/29/15/1/ffffffff/- 11/29/15/1/ffffffff/- 11/29/16/3/fff9fffe/muster
bild 428 10/42/15/1/ffffffff/- 11/42/15/1/ffffffff/- 11/42/16/3/fff9fffe/muster
bild 429 10/41/15/1/ffffffff/- 11/41/15/1/ffffffff/- 11/41/16/3/fff9801d/muster
bild 430 10/25/15/1/ffffffff/- 11/25/15/1/ffffffff/- 11/25/16/3/fff9801d/muster
bild 431 10/29/15/1/ffffffff/- 11/29/15/1/ffffffff/- 11/29/16/3/fff9801d/muster
bild 432 10/42/15/1/ffffffff/- 11/42/15/1/ffffffff/- 11/42/16/3/fff9801d/muster
bild 433 10/41/15/1/ffffffff/- 11/41/15/1/ffffffff/- 11/41/16/3/ffc74ebd/muster
bild 434 10/25/15/1/ffffffff/- 11/25/15/1/ffffffff/- 11/25/16/3/ffc74ebd/muster
bild 435 10/29/15/1/ffffffff/- 11/29/15/1/ffffffff/- 11/29/16/3/ffc74ebd/muster
bild 436 10/42/15/1/ffffffff/- 11/42/15/1/ffffffff/- 11/42/16/3/ffc74ebd/muster
bild 437 10/41/15/1/ffffffff/- 11/41/15/1/ffffffff/- 11/41/16/3/ff3ab3da/muster
bild 438 10/25/15/1/ffffffff/- 11/25/15/1/ffffffff/- 11/25/16/3/ff3ab3da/muster
bild 439 10/29/15/1/ffffffff/- 11/29/15/1/ffffffff/- 11/29/16/3/ff3ab3da/muster
bild 440 10/42/15/1/ffffffff/- 11/42/15/1/ffffffff/- 11/42/16/3/ff3ab3da/muster
bild 441 10/41/15/1/ffffffff/- 11/41/15/1/ffffffff/- 11/41/16/3/fffed83d/muster
bild 442 10/25/15/1/ffffffff/- 11/25/15/1/ffffffff/- 11/25/16/3/fffed83d/muster
bild 443 10/29/15/1/ffffffff/- 11/29/15/1/ffffffff/- 11/29/16/3/fffed83d/muster
bild 444 10/42/15/1/ffffffff/- 11/42/15/1/ffffffff/- 11/42/16/3/fffed83d/muster
bild 445 10/41/15/1/ffffffff/- 11/41/15/1/ffffffff/- 11/41/16/3/ff80c71f/muster
bild 446 10/25/15/1/ffffffff/- 11/25/15/1/ffffffff/- 11/25/16/3/ff80c71f/muster
bild 447 10/29/15/1/ffffffff/- 11/29/15/1/ffffffff/- 11/29/16/3/ff80c71f/muster
bild 448 10/42/15/1/ffffffff/- 11/42/15/1/ffffffff/- 11/42/16/3/ff80c71f/muster
bild 449 10/41/15/1/ffffffff/- 11/41/15/1/ffffffff/- 11/41/16/3/fff38baa/muster
bild 450 10/25/15/1/ffffffff/- 11/25/15/1/ffffffff/- 11/25/16/3/fff38baa/muster
bild 451 10/29/15/1/ffffffff/- 11/29/15/1/ffffffff/- 11/29/16/3/fff38baa/muster
bild 452 10/42/15/1/ffffffff/- 11/42/15/1/ffffffff/- 11/42/16/3/fff38baa/muster
bild 453 10/41/15/1/ffffffff/- 11/41/15/1/ffffffff/- 11/41/16/3/ff474f52/muster
bild 454 10/25/15/1/ffffffff/- 11/25/15/1/ffffffff/- 11/25/16/3/ff474f52/muster
bild 455 10/29/15/1/ffffffff/- 11/29/15/1/ffffffff/- 11/29/16/3/ff474f52/muster
bild 456 10/42/15/1/ffffffff/- 11/42/15/1/ffffffff/- 11/42/16/3/ff474f52/muster
bild 457 10/41/15/1/ffffffff/- 11/41/15/1/ffffffff/- 11/41/16/3/ff9d9d97/muster
bild 458 10/25/15/1/ffffffff/- 11/25/15/1/ffffffff/- 11/25/16/3/ff9d9d97/muster
bild 459 10/29/15/1/ffffffff/- 11/29/15/1/ffffffff/- 11/29/16/3/ff9d9d97/muster
bild 460 10/42/15/1/ffffffff/- 11/42/15/1/ffffffff/- 11/42/16/3/ff9d9d97/muster
bild 461 10/41/15/1/ffffffff/- 11/41/15/1/ffffffff/- 11/41/16/3/ff169c9c/muster
bild 462 10/25/15/1/ffffffff/- 11/25/15/1/ffffffff/- 11/25/16/3/ff169c9c/muster
bild 463 10/29/15/1/ffffffff/- 11/29/15/1/ffffffff/- 11/29/16/3/ff169c9c/muster
bild 464 10/42/15/1/ffffffff/- 11/42/15/1/ffffffff/- 11/42/16/3/ff169c9c/muster
bild 465 10/41/15/1/ffffffff/- 11/41/15/1/ffffffff/- 11/41/16/3/ff8932b8/muster
bild 466 10/25/15/1/ffffffff/- 11/25/15/1/ffffffff/- 11/25/16/3/ff8932b8/muster
bild 467 10/29/15/1/ffffffff/- 11/29/15/1/ffffffff/- 11/29/16/3/ff8932b8/muster
bild 468 10/42/15/1/ffffffff/- 11/42/15/1/ffffffff/- 11/42/16/3/ff8932b8/muster
bild 469 10/41/15/1/ffffffff/- 11/41/15/1/ffffffff/- 11/41/16/3/ff3c44aa/muster
bild 470 10/25/15/1/ffffffff/- 11/25/15/1/ffffffff/- 11/25/16/3/ff3c44aa/muster
bild 471 10/29/15/1/ffffffff/- 11/29/15/1/ffffffff/- 11/29/16/3/ff3c44aa/muster
bild 472 10/42/15/1/ffffffff/- 11/42/15/1/ffffffff/- 11/42/16/3/ff3c44aa/muster
bild 473 10/41/15/1/ffffffff/- 11/41/15/1/ffffffff/- 11/41/16/3/ff835432/muster
bild 474 10/25/15/1/ffffffff/- 11/25/15/1/ffffffff/- 11/25/16/3/ff835432/muster
bild 475 10/29/15/1/ffffffff/- 11/29/15/1/ffffffff/- 11/29/16/3/ff835432/muster
bild 476 10/42/15/1/ffffffff/- 11/42/15/1/ffffffff/- 11/42/16/3/ff835432/muster
bild 477 10/41/15/1/ffffffff/- 11/41/15/1/ffffffff/- 11/41/16/3/ff5e7c16/muster
bild 478 10/25/15/1/ffffffff/- 11/25/15/1/ffffffff/- 11/25/16/3/ff5e7c16/muster
bild 479 10/29/15/1/ffffffff/- 11/29/15/1/ffffffff/- 11/29/16/3/ff5e7c16/muster
bild 480 10/42/15/1/ffffffff/- 11/42/15/1/ffffffff/- 11/42/16/3/ff5e7c16/muster
bild 481 10/41/15/1/ffffffff/- 11/41/15/1/ffffffff/- 11/41/16/3/ffb02e26/muster
bild 482 10/25/15/1/ffffffff/- 11/25/15/1/ffffffff/- 11/25/16/3/ffb02e26/muster
bild 483 10/29/15/1/ffffffff/- 11/29/15/1/ffffffff/- 11/29/16/3/ffb02e26/muster
bild 484 10/42/15/1/ffffffff/- 11/42/15/1/ffffffff/- 11/42/16/3/ffb02e26/muster
bild 485 10/41/15/1/ffffffff/- 11/41/15/1/ffffffff/- 11/41/16/3/ff1d1d21/muster
bild 486 10/25/15/1/ffffffff/- 11/25/15/1/ffffffff/- 11/25/16/3/ff1d1d21/muster
bild 487 10/29/15/1/ffffffff/- 11/29/15/1/ffffffff/- 11/29/16/3/ff1d1d21/muster
bild 488 10/42/15/1/ffffffff/- 11/42/15/1/ffffffff/- 11/42/16/3/ff1d1d21/muster
bild 489 12/43/17/4/ffffffff/-
bild 490 12/44/17/4/ffffffff/-
bild 491 12/45/17/4/ffffffff/-
bild 492 12/46/17/4/ffffffff/-
bild 493 12/47/17/4/ffffffff/-
bild 494 12/48/17/4/ffffffff/-
bild 495 12/43/18/4/ffffffff/-
bild 496 12/44/18/4/ffffffff/-
bild 497 12/45/18/4/ffffffff/-
bild 498 12/46/18/4/ffffffff/-
bild 499 12/47/18/4/ffffffff/-
bild 500 12/48/18/4/ffffffff/-
bild 501 12/43/19/4/ffffffff/-
bild 502 12/44/19/4/ffffffff/-
bild 503 12/45/19/4/ffffffff/-
bild 504 12/46/19/4/ffffffff/-
bild 505 12/47/19/4/ffffffff/-
bild 506 12/48/19/4/ffffffff/-
bild 507 12/43/20/4/ffffffff/-
bild 508 12/44/20/4/ffffffff/-
bild 509 12/45/20/4/ffffffff/-
bild 510 12/46/20/4/ffffffff/-
bild 511 12/47/20/4/ffffffff/-
bild 512 12/48/20/4/ffffffff/-
bild 513 12/43/21/4/ffffffff/-
bild 514 12/44/21/4/ffffffff/-
bild 515 12/45/21/4/ffffffff/-
bild 516 12/46/21/4/ffffffff/-
bild 517 12/47/21/4/ffffffff/-
bild 518 12/48/21/4/ffffffff/-
bild 519 12/43/22/4/ffffffff/-
bild 520 12/44/22/4/ffffffff/-
bild 521 12/45/22/4/ffffffff/-
bild 522 12/46/22/4/ffffffff/-
bild 523 12/47/22/4/ffffffff/-
bild 524 12/48/22/4/ffffffff/-
bild 525 12/43/23/4/ffffffff/-
bild 526 12/44/23/4/ffffffff/-
bild 527 12/45/23/4/ffffffff/-
bild 528 12/46/23/4/ffffffff/-
bild 529 12/47/23/4/ffffffff/-
bild 530 12/48/23/4/ffffffff/-
bild 531 12/43/24/4/ffffffff/-
bild 532 12/44/24/4/ffffffff/-
bild 533 12/45/24/4/ffffffff/-
bild 534 12/46/24/4/ffffffff/-
bild 535 12/47/24/4/ffffffff/-
bild 536 12/48/24/4/ffffffff/-
bild 537 12/43/25/4/ffffffff/-
bild 538 12/44/25/4/ffffffff/-
bild 539 12/45/25/4/ffffffff/-
bild 540 12/46/25/4/ffffffff/-
bild 541 12/47/25/4/ffffffff/-
bild 542 12/48/25/4/ffffffff/-
bild 543 12/43/26/4/ffffffff/-
bild 544 12/44/26/4/ffffffff/-
bild 545 12/45/26/4/ffffffff/-
bild 546 12/46/26/4/ffffffff/-
bild 547 12/47/26/4/ffffffff/-
bild 548 12/48/26/4/ffffffff/-
bild 549 12/43/27/4/ffffffff/-
bild 550 12/44/27/4/ffffffff/-
bild 551 12/45/27/4/ffffffff/-
bild 552 12/46/27/4/ffffffff/-
bild 553 12/47/27/4/ffffffff/-
bild 554 12/48/27/4/ffffffff/-
bild 555 12/43/28/4/ffffffff/-
bild 556 12/44/28/4/ffffffff/-
bild 557 12/45/28/4/ffffffff/-
bild 558 12/46/28/4/ffffffff/-
bild 559 12/47/28/4/ffffffff/-
bild 560 12/48/28/4/ffffffff/-
bild 561 12/43/29/4/ffffffff/-
bild 562 12/44/29/4/ffffffff/-
bild 563 12/45/29/4/ffffffff/-
bild 564 12/46/29/4/ffffffff/-
bild 565 12/47/29/4/ffffffff/-
bild 566 12/48/29/4/ffffffff/-
bild 567 12/43/30/4/ffffffff/-
bild 568 12/44/30/4/ffffffff/-
bild 569 12/45/30/4/ffffffff/-
bild 570 12/46/30/4/ffffffff/-
bild 571 12/47/30/4/ffffffff/-
bild 572 12/48/30/4/ffffffff/-
bild 573 12/43/31/4/ffffffff/-
bild 574 12/44/31/4/ffffffff/-
bild 575 12/45/31/4/ffffffff/-
bild 576 12/46/31/4/ffffffff/-
bild 577 12/47/31/4/ffffffff/-
bild 578 12/48/31/4/ffffffff/-
bild 579 12/43/32/4/ffffffff/-
bild 580 12/44/32/4/ffffffff/-
bild 581 12/45/32/4/ffffffff/-
bild 582 12/46/32/4/ffffffff/-
bild 583 12/47/32/4/ffffffff/-
bild 584 12/48/32/4/ffffffff/-
bild 585 12/43/33/4/ffffffff/-
bild 586 12/44/33/4/ffffffff/-
bild 587 12/45/33/4/ffffffff/-
bild 588 12/46/33/4/ffffffff/-
bild 589 12/47/33/4/ffffffff/-
bild 590 12/48/33/4/ffffffff/-
bild 591 13/49/34/1/ffffffff/-
bild 592 14/50/3/1/ffffffff/-
bild 593 14/51/3/1/ffffffff/-
bild 594 14/52/3/1/ffffffff/-
bild 595 14/53/3/1/ffffffff/-
bild 596 15/54/35/1/ffffffff/-
bild 597 0/0/36/0/ffffffff/-
bild 598 1/0/37/0/ffffffff/-
bild 599 2/0/38/0/ffffffff/-
bild 600 0/1/36/0/ffffffff/-
bild 601 1/1/37/0/ffffffff/-
bild 602 2/1/38/0/ffffffff/-
bild 603 0/2/36/0/ffffffff/-
bild 604 1/2/37/0/ffffffff/-
bild 605 2/2/38/0/ffffffff/-
bild 606 0/3/36/0/ffffffff/-
bild 607 1/3/37/0/ffffffff/-
bild 608 2/3/38/0/ffffffff/-
bild 609 0/0/39/0/ffffffff/-
bild 610 1/0/40/0/ffffffff/-
bild 611 2/0/41/0/ffffffff/-
bild 612 0/1/39/0/ffffffff/-
bild 613 1/1/40/0/ffffffff/-
bild 614 2/1/41/0/ffffffff/-
bild 615 0/2/39/0/ffffffff/-
bild 616 1/2/40/0/ffffffff/-
bild 617 2/2/41/0/ffffffff/-
bild 618 0/3/39/0/ffffffff/-
bild 619 1/3/40/0/ffffffff/-
bild 620 2/3/41/0/ffffffff/-
bild 621 0/0/42/0/ffffffff/-
bild 622 1/0/43/0/ffffffff/-
bild 623 2/0/44/0/ffffffff/-
bild 624 0/1/42/0/ffffffff/-
bild 625 1/1/43/0/ffffffff/-
bild 626 2/1/44/0/ffffffff/-
bild 627 0/2/42/0/ffffffff/-
bild 628 1/2/43/0/ffffffff/-
bild 629 2/2/44/0/ffffffff/-
bild 630 0/3/42/0/ffffffff/-
bild 631 1/3/43/0/ffffffff/-
bild 632 2/3/44/0/ffffffff/-
bild 633 0/0/45/0/ffffffff/-
bild 634 1/0/46/0/ffffffff/-
bild 635 2/0/47/0/ffffffff/-
bild 636 0/1/45/0/ffffffff/-
bild 637 1/1/46/0/ffffffff/-
bild 638 2/1/47/0/ffffffff/-
bild 639 0/2/45/0/ffffffff/-
bild 640 1/2/46/0/ffffffff/-
bild 641 2/2/47/0/ffffffff/-
bild 642 0/3/45/0/ffffffff/-
bild 643 1/3/46/0/ffffffff/-
bild 644 2/3/47/0/ffffffff/-
bild 645 16/55/48/4/ffffffff/-
bild 646 16/56/48/4/ffffffff/-
bild 647 16/57/48/4/ffffffff/-
bild 648 16/58/48/4/ffffffff/-
bild 649 17/55/48/4/ffffffff/-
bild 650 17/56/48/4/ffffffff/-
bild 651 17/57/48/4/ffffffff/-
bild 652 17/58/48/4/ffffffff/-
bild 653 18/55/48/4/ffffffff/-
bild 654 18/56/48/4/ffffffff/-
bild 655 18/57/48/4/ffffffff/-
bild 656 18/58/48/4/ffffffff/-
bild 657 19/55/48/4/ffffffff/-
bild 658 19/56/48/4/ffffffff/-
bild 659 19/57/48/4/ffffffff/-
bild 660 19/58/48/4/ffffffff/-
bild 661 16/55/49/4/ffffffff/-
bild 662 16/56/49/4/ffffffff/-
bild 663 16/57/49/4/ffffffff/-
bild 664 16/58/49/4/ffffffff/-
bild 665 17/55/49/4/ffffffff/-
bild 666 17/56/49/4/ffffffff/-
bild 667 17/57/49/4/ffffffff/-
bild 668 17/58/49/4/ffffffff/-
bild 669 18/55/49/4/ffffffff/-
bild 670 18/56/49/4/ffffffff/-
bild 671 18/57/49/4/ffffffff/-
bild 672 18/58/49/4/ffffffff/-
bild 673 19/55/49/4/ffffffff/-
bild 674 19/56/49/4/ffffffff/-
bild 675 19/57/49/4/ffffffff/-
bild 676 19/58/49/4/ffffffff/-
bild 677 16/55/50/4/ffffffff/-
bild 678 16/56/50/4/ffffffff/-
bild 679 16/57/50/4/ffffffff/-
bild 680 16/58/50/4/ffffffff/-
bild 681 17/55/50/4/ffffffff/-
bild 682 17/56/50/4/ffffffff/-
bild 683 17/57/50/4/ffffffff/-
bild 684 17/58/50/4/ffffffff/-
bild 685 18/55/50/4/ffffffff/-
bild 686 18/56/50/4/ffffffff/-
bild 687 18/57/50/4/ffffffff/-
bild 688 18/58/50/4/ffffffff/-
bild 689 19/55/50/4/ffffffff/-
bild 690 19/56/50/4/ffffffff/-
bild 691 19/57/50/4/ffffffff/-
bild 692 19/58/50/4/ffffffff/-
bild 693 16/55/51/4/ffffffff/-
bild 694 16/56/51/4/ffffffff/-
bild 695 16/57/51/4/ffffffff/-
bild 696 16/58/51/4/ffffffff/-
bild 697 17/55/51/4/ffffffff/-
bild 698 17/56/51/4/ffffffff/-
bild 699 17/57/51/4/ffffffff/-
bild 700 17/58/51/4/ffffffff/-
bild 701 18/55/51/4/ffffffff/-
bild 702 18/56/51/4/ffffffff/-
bild 703 18/57/51/4/ffffffff/-
bild 704 18/58/51/4/ffffffff/-
bild 705 19/55/51/4/ffffffff/-
bild 706 19/56/51/4/ffffffff/-
bild 707 19/57/51/4/ffffffff/-
bild 708 19/58/51/4/ffffffff/-
bild 709 20/54/52/1/ffffffff/- 21/54/52/1/ffffffff/- 22/54/52/1/ffffffff/- 23/54/53/1/ffffffff/scherbe3 24/54/53/1/ffffffff/scherbe0 25/54/53/1/ffffffff/scherbe1 26/54/53/1/ffffffff/scherbe2
bild 710 20/59/52/1/ffffffff/- 21/59/52/1/ffffffff/- 22/59/52/1/ffffffff/- 23/59/53/1/ffffffff/scherbe3 24/59/53/1/ffffffff/scherbe0 25/59/53/1/ffffffff/scherbe1 26/59/53/1/ffffffff/scherbe2
bild 711 20/60/52/1/ffffffff/- 21/60/52/1/ffffffff/- 22/60/52/1/ffffffff/- 23/60/53/1/ffffffff/scherbe3 24/60/53/1/ffffffff/scherbe0 25/60/53/1/ffffffff/scherbe1 26/60/53/1/ffffffff/scherbe2
bild 712 20/61/52/1/ffffffff/- 21/61/52/1/ffffffff/- 22/61/52/1/ffffffff/- 23/61/53/1/ffffffff/scherbe3 24/61/53/1/ffffffff/scherbe0 25/61/53/1/ffffffff/scherbe1 26/61/53/1/ffffffff/scherbe2
block chest 0 0 1 1 2 2 3 3 4 4 5 5 6 6 7 7 8 8 9 9 10 10 11 11
block enchanting_table 12
block ender_chest 13 13 14 14 15 15 16 16
block skeleton_skull 17 18 19 20 21 22 23 24 25 26 27 28 29 30 31 32 17 18 19 20 21 22 23 24 25 26 27 28 29 30 31 32
block skeleton_wall_skull 33 33 34 34 35 35 36 36
block wither_skeleton_skull 37 38 39 40 41 42 43 44 45 46 47 48 49 50 51 52 37 38 39 40 41 42 43 44 45 46 47 48 49 50 51 52
block wither_skeleton_wall_skull 53 53 54 54 55 55 56 56
block zombie_head 57 58 59 60 61 62 63 64 65 66 67 68 69 70 71 72 57 58 59 60 61 62 63 64 65 66 67 68 69 70 71 72
block zombie_wall_head 73 73 74 74 75 75 76 76
block player_head 77 78 79 80 81 82 83 84 85 86 87 88 89 90 91 92 77 78 79 80 81 82 83 84 85 86 87 88 89 90 91 92
block player_wall_head 93 93 94 94 95 95 96 96
block creeper_head 97 98 99 100 101 102 103 104 105 106 107 108 109 110 111 112 97 98 99 100 101 102 103 104 105 106 107 108 109 110 111 112
block creeper_wall_head 113 113 114 114 115 115 116 116
block dragon_head 117 118 119 120 121 122 123 124 125 126 127 128 129 130 131 132 117 118 119 120 121 122 123 124 125 126 127 128 129 130 131 132
block dragon_wall_head 133 133 134 134 135 135 136 136
block piglin_head 137 138 139 140 141 142 143 144 145 146 147 148 149 150 151 152 137 138 139 140 141 142 143 144 145 146 147 148 149 150 151 152
block piglin_wall_head 153 153 154 154 155 155 156 156
block trapped_chest 157 157 158 158 159 159 160 160 161 161 162 162 163 163 164 164 165 165 166 166 167 167 168 168
block white_banner 169 170 171 172 173 174 175 176 177 178 179 180 181 182 183 184
block orange_banner 185 186 187 188 189 190 191 192 193 194 195 196 197 198 199 200
block magenta_banner 201 202 203 204 205 206 207 208 209 210 211 212 213 214 215 216
block light_blue_banner 217 218 219 220 221 222 223 224 225 226 227 228 229 230 231 232
block yellow_banner 233 234 235 236 237 238 239 240 241 242 243 244 245 246 247 248
block lime_banner 249 250 251 252 253 254 255 256 257 258 259 260 261 262 263 264
block pink_banner 265 266 267 268 269 270 271 272 273 274 275 276 277 278 279 280
block gray_banner 281 282 283 284 285 286 287 288 289 290 291 292 293 294 295 296
block light_gray_banner 297 298 299 300 301 302 303 304 305 306 307 308 309 310 311 312
block cyan_banner 313 314 315 316 317 318 319 320 321 322 323 324 325 326 327 328
block purple_banner 329 330 331 332 333 334 335 336 337 338 339 340 341 342 343 344
block blue_banner 345 346 347 348 349 350 351 352 353 354 355 356 357 358 359 360
block brown_banner 361 362 363 364 365 366 367 368 369 370 371 372 373 374 375 376
block green_banner 377 378 379 380 381 382 383 384 385 386 387 388 389 390 391 392
block red_banner 393 394 395 396 397 398 399 400 401 402 403 404 405 406 407 408
block black_banner 409 410 411 412 413 414 415 416 417 418 419 420 421 422 423 424
block white_wall_banner 425 426 427 428
block orange_wall_banner 429 430 431 432
block magenta_wall_banner 433 434 435 436
block light_blue_wall_banner 437 438 439 440
block yellow_wall_banner 441 442 443 444
block lime_wall_banner 445 446 447 448
block pink_wall_banner 449 450 451 452
block gray_wall_banner 453 454 455 456
block light_gray_wall_banner 457 458 459 460
block cyan_wall_banner 461 462 463 464
block purple_wall_banner 465 466 467 468
block blue_wall_banner 469 470 471 472
block brown_wall_banner 473 474 475 476
block green_wall_banner 477 478 479 480
block red_wall_banner 481 482 483 484
block black_wall_banner 485 486 487 488
block shulker_box 489 490 491 492 493 494
block white_shulker_box 495 496 497 498 499 500
block orange_shulker_box 501 502 503 504 505 506
block magenta_shulker_box 507 508 509 510 511 512
block light_blue_shulker_box 513 514 515 516 517 518
block yellow_shulker_box 519 520 521 522 523 524
block lime_shulker_box 525 526 527 528 529 530
block pink_shulker_box 531 532 533 534 535 536
block gray_shulker_box 537 538 539 540 541 542
block light_gray_shulker_box 543 544 545 546 547 548
block cyan_shulker_box 549 550 551 552 553 554
block purple_shulker_box 555 556 557 558 559 560
block blue_shulker_box 561 562 563 564 565 566
block brown_shulker_box 567 568 569 570 571 572
block green_shulker_box 573 574 575 576 577 578
block red_shulker_box 579 580 581 582 583 584
block black_shulker_box 585 586 587 588 589 590
block conduit 591
block lectern 592 592 - - 593 593 - - 594 594 - - 595 595 - -
block bell 596
block copper_chest 597 597 598 598 599 599 600 600 601 601 602 602 603 603 604 604 605 605 606 606 607 607 608 608
block exposed_copper_chest 609 609 610 610 611 611 612 612 613 613 614 614 615 615 616 616 617 617 618 618 619 619 620 620
block weathered_copper_chest 621 621 622 622 623 623 624 624 625 625 626 626 627 627 628 628 629 629 630 630 631 631 632 632
block oxidized_copper_chest 633 633 634 634 635 635 636 636 637 637 638 638 639 639 640 640 641 641 642 642 643 643 644 644
block waxed_copper_chest 597 597 598 598 599 599 600 600 601 601 602 602 603 603 604 604 605 605 606 606 607 607 608 608
block waxed_exposed_copper_chest 609 609 610 610 611 611 612 612 613 613 614 614 615 615 616 616 617 617 618 618 619 619 620 620
block waxed_weathered_copper_chest 621 621 622 622 623 623 624 624 625 625 626 626 627 627 628 628 629 629 630 630 631 631 632 632
block waxed_oxidized_copper_chest 633 633 634 634 635 635 636 636 637 637 638 638 639 639 640 640 641 641 642 642 643 643 644 644
block copper_golem_statue 645 645 646 646 647 647 648 648 649 649 650 650 651 651 652 652 653 653 654 654 655 655 656 656 657 657 658 658 659 659 660 660
block exposed_copper_golem_statue 661 661 662 662 663 663 664 664 665 665 666 666 667 667 668 668 669 669 670 670 671 671 672 672 673 673 674 674 675 675 676 676
block weathered_copper_golem_statue 677 677 678 678 679 679 680 680 681 681 682 682 683 683 684 684 685 685 686 686 687 687 688 688 689 689 690 690 691 691 692 692
block oxidized_copper_golem_statue 693 693 694 694 695 695 696 696 697 697 698 698 699 699 700 700 701 701 702 702 703 703 704 704 705 705 706 706 707 707 708 708
block waxed_copper_golem_statue 645 645 646 646 647 647 648 648 649 649 650 650 651 651 652 652 653 653 654 654 655 655 656 656 657 657 658 658 659 659 660 660
block waxed_exposed_copper_golem_statue 661 661 662 662 663 663 664 664 665 665 666 666 667 667 668 668 669 669 670 670 671 671 672 672 673 673 674 674 675 675 676 676
block waxed_weathered_copper_golem_statue 677 677 678 678 679 679 680 680 681 681 682 682 683 683 684 684 685 685 686 686 687 687 688 688 689 689 690 690 691 691 692 692
block waxed_oxidized_copper_golem_statue 693 693 694 694 695 695 696 696 697 697 698 698 699 699 700 700 701 701 702 702 703 703 704 704 705 705 706 706 707 707 708 708
block decorated_pot 709 709 710 710 711 711 712 712 709 709 710 710 711 711 712 712
farbstoff white f9fffe
farbstoff orange f9801d
farbstoff magenta c74ebd
farbstoff light_blue 3ab3da
farbstoff yellow fed83d
farbstoff lime 80c71f
farbstoff pink f38baa
farbstoff gray 474f52
farbstoff light_gray 9d9d97
farbstoff cyan 169c9c
farbstoff purple 8932b8
farbstoff blue 3c44aa
farbstoff brown 835432
farbstoff green 5e7c16
farbstoff red b02e26
farbstoff black 1d1d21
scherbe minecraft:angler_pottery_sherd minecraft:entity/decorated_pot/angler_pottery_pattern
scherbe minecraft:archer_pottery_sherd minecraft:entity/decorated_pot/archer_pottery_pattern
scherbe minecraft:arms_up_pottery_sherd minecraft:entity/decorated_pot/arms_up_pottery_pattern
scherbe minecraft:blade_pottery_sherd minecraft:entity/decorated_pot/blade_pottery_pattern
scherbe minecraft:brewer_pottery_sherd minecraft:entity/decorated_pot/brewer_pottery_pattern
scherbe minecraft:brick minecraft:entity/decorated_pot/decorated_pot_side
scherbe minecraft:burn_pottery_sherd minecraft:entity/decorated_pot/burn_pottery_pattern
scherbe minecraft:danger_pottery_sherd minecraft:entity/decorated_pot/danger_pottery_pattern
scherbe minecraft:explorer_pottery_sherd minecraft:entity/decorated_pot/explorer_pottery_pattern
scherbe minecraft:flow_pottery_sherd minecraft:entity/decorated_pot/flow_pottery_pattern
scherbe minecraft:friend_pottery_sherd minecraft:entity/decorated_pot/friend_pottery_pattern
scherbe minecraft:guster_pottery_sherd minecraft:entity/decorated_pot/guster_pottery_pattern
scherbe minecraft:heart_pottery_sherd minecraft:entity/decorated_pot/heart_pottery_pattern
scherbe minecraft:heartbreak_pottery_sherd minecraft:entity/decorated_pot/heartbreak_pottery_pattern
scherbe minecraft:howl_pottery_sherd minecraft:entity/decorated_pot/howl_pottery_pattern
scherbe minecraft:miner_pottery_sherd minecraft:entity/decorated_pot/miner_pottery_pattern
scherbe minecraft:mourner_pottery_sherd minecraft:entity/decorated_pot/mourner_pottery_pattern
scherbe minecraft:plenty_pottery_sherd minecraft:entity/decorated_pot/plenty_pottery_pattern
scherbe minecraft:prize_pottery_sherd minecraft:entity/decorated_pot/prize_pottery_pattern
scherbe minecraft:scrape_pottery_sherd minecraft:entity/decorated_pot/scrape_pottery_pattern
scherbe minecraft:sheaf_pottery_sherd minecraft:entity/decorated_pot/sheaf_pottery_pattern
scherbe minecraft:shelter_pottery_sherd minecraft:entity/decorated_pot/shelter_pottery_pattern
scherbe minecraft:skull_pottery_sherd minecraft:entity/decorated_pot/skull_pottery_pattern
scherbe minecraft:snort_pottery_sherd minecraft:entity/decorated_pot/snort_pottery_pattern
muster entity/banner 16
bannermuster minecraft:base minecraft:base
bannermuster minecraft:border minecraft:border
bannermuster minecraft:bricks minecraft:bricks
bannermuster minecraft:circle minecraft:circle
bannermuster minecraft:creeper minecraft:creeper
bannermuster minecraft:cross minecraft:cross
bannermuster minecraft:curly_border minecraft:curly_border
bannermuster minecraft:diagonal_left minecraft:diagonal_left
bannermuster minecraft:diagonal_right minecraft:diagonal_right
bannermuster minecraft:diagonal_up_left minecraft:diagonal_up_left
bannermuster minecraft:diagonal_up_right minecraft:diagonal_up_right
bannermuster minecraft:flow minecraft:flow
bannermuster minecraft:flower minecraft:flower
bannermuster minecraft:globe minecraft:globe
bannermuster minecraft:gradient minecraft:gradient
bannermuster minecraft:gradient_up minecraft:gradient_up
bannermuster minecraft:guster minecraft:guster
bannermuster minecraft:half_horizontal minecraft:half_horizontal
bannermuster minecraft:half_horizontal_bottom minecraft:half_horizontal_bottom
bannermuster minecraft:half_vertical minecraft:half_vertical
bannermuster minecraft:half_vertical_right minecraft:half_vertical_right
bannermuster minecraft:mojang minecraft:mojang
bannermuster minecraft:piglin minecraft:piglin
bannermuster minecraft:rhombus minecraft:rhombus
bannermuster minecraft:skull minecraft:skull
bannermuster minecraft:small_stripes minecraft:small_stripes
bannermuster minecraft:square_bottom_left minecraft:square_bottom_left
bannermuster minecraft:square_bottom_right minecraft:square_bottom_right
bannermuster minecraft:square_top_left minecraft:square_top_left
bannermuster minecraft:square_top_right minecraft:square_top_right
bannermuster minecraft:straight_cross minecraft:straight_cross
bannermuster minecraft:stripe_bottom minecraft:stripe_bottom
bannermuster minecraft:stripe_center minecraft:stripe_center
bannermuster minecraft:stripe_downleft minecraft:stripe_downleft
bannermuster minecraft:stripe_downright minecraft:stripe_downright
bannermuster minecraft:stripe_left minecraft:stripe_left
bannermuster minecraft:stripe_middle minecraft:stripe_middle
bannermuster minecraft:stripe_right minecraft:stripe_right
bannermuster minecraft:stripe_top minecraft:stripe_top
bannermuster minecraft:triangle_bottom minecraft:triangle_bottom
bannermuster minecraft:triangle_top minecraft:triangle_top
bannermuster minecraft:triangles_bottom minecraft:triangles_bottom
bannermuster minecraft:triangles_top minecraft:triangles_top
